gunkrab,110
Maxim,108
Destiny,100
DVLK,101
iiann,101
Kneza,109
Creon,111
Fersito,99
Seeker,100
Stealshot,100
Teddy,101
Saju,108
AHaHaCiK,101
Corporal,100
Sufon,101
happygame,118
Cruel,113
Edenzin,103
Kazu,102
IceBox,119
yOFT,99
Hika,100
Pancake,113
Carzzy,101
Kobbe,101
gunkrab,101
Maxim,100
Destiny,99
DVLK,120
iiann,98
Kneza,102
Creon,100
Fersito,99
Seeker,100
Stealshot,102
Teddy,101
Saju,101
AHaHaCiK,101
Corporal,100
Sufon,102
happygame,136
Cruel,100
Edenzin,128
Kazu,111
IceBox,127
yOFT,120
Hika,100
Pancake,100
Carzzy,103
Kobbe,107
gunkrab,100
Maxim,99
Destiny,121
DVLK,104
iiann,100
Kneza,100
Creon,102
Fersito,99
Seeker,99
Stealshot,124
Teddy,113
Saju,111
AHaHaCiK,101
Corporal,99
Sufon,101
happygame,101
Cruel,102
Edenzin,100
Kazu,100
IceBox,101
yOFT,101
Hika,104
Pancake,99
Carzzy,100
Kobbe,100
gunkrab,99
Maxim,118
Destiny,100
DVLK,103
iiann,99
Kneza,101
Creon,100
Fersito,109
Seeker,101
Stealshot,101
Teddy,101
Saju,101
AHaHaCiK,100
Corporal,100
Sufon,101
happygame,100
Cruel,99
Edenzin,119
Kazu,100
IceBox,102
yOFT,101
Hika,108
Pancake,101
Carzzy,106
Kobbe,100
gunkrab,100
Maxim,101
Destiny,101
DVLK,101
iiann,99
Kneza,102
Creon,113
Fersito,100
Seeker,119
Stealshot,100
Teddy,104
Saju,101
AHaHaCiK,114
Corporal,101
Sufon,111
happygame,122
Cruel,119
Edenzin,101
Kazu,98
IceBox,101
yOFT,100
Hika,100
Pancake,102
Carzzy,100
Kobbe,114
gunkrab,124
Maxim,102
Destiny,122
DVLK,122
iiann,98
Kneza,100
Creon,100
Fersito,99
Seeker,113
Stealshot,101
Teddy,120
Saju,111
AHaHaCiK,125
Corporal,110
Sufon,124
happygame,125
Cruel,102
Edenzin,100
Kazu,103
IceBox,99
yOFT,99
Hika,117
Pancake,102
Carzzy,105
Kobbe,100
gunkrab,103
Maxim,113
Destiny,100
DVLK,102
iiann,99
Kneza,104
Creon,101
Fersito,102
Seeker,100
Stealshot,114
Teddy,100
Saju,126
AHaHaCiK,99
Corporal,104
Sufon,101
happygame,101
Cruel,100
Edenzin,100
Kazu,100
IceBox,102
yOFT,103
Hika,100
Pancake,101
Carzzy,114
Kobbe,99
gunkrab,100
Maxim,101
Destiny,120
DVLK,103
iiann,101
Kneza,101
Creon,100
Fersito,120
Seeker,99
Stealshot,115
Teddy,101
Saju,101
AHaHaCiK,98
Corporal,99
Sufon,100
happygame,100
Cruel,121
Edenzin,102
Kazu,101
IceBox,105
yOFT,101
Hika,101
Pancake,101
Carzzy,117
Kobbe,103
gunkrab,123
Maxim,101
Destiny,102
DVLK,104
iiann,100
Kneza,100
Creon,100
Fersito,101
Seeker,100
Stealshot,101
Teddy,100
Saju,101
AHaHaCiK,99
Corporal,101
Sufon,100
happygame,101
Cruel,99
Edenzin,100
Kazu,104
IceBox,115
yOFT,100
Hika,100
Pancake,101
Carzzy,101
Kobbe,101
gunkrab,101
Maxim,100
Destiny,100
DVLK,101
iiann,99
Kneza,101
Creon,101
Fersito,101
Seeker,99
Stealshot,103
Teddy,102
Saju,103
AHaHaCiK,99
Corporal,102
Sufon,100
happygame,103
Cruel,101
Edenzin,103
Kazu,111
IceBox,102
yOFT,111
Hika,118
Pancake,99
Carzzy,102
Kobbe,102
gunkrab,100
Maxim,101
Destiny,102
DVLK,102
iiann,113
Kneza,103
Creon,101
Fersito,100
Seeker,103
Stealshot,100
Teddy,102
Saju,101
AHaHaCiK,107
Corporal,100
Sufon,99
happygame,117
Cruel,108
Edenzin,116
Kazu,101
IceBox,121
yOFT,102
Hika,102
Pancake,100
Carzzy,108
Kobbe,102
gunkrab,100
Maxim,100
Destiny,121
DVLK,100
iiann,99
Kneza,100
Creon,100
Fersito,100
Seeker,101
Stealshot,100
Teddy,112
Saju,115
AHaHaCiK,100
Corporal,100
Sufon,100
happygame,100
Cruel,102
Edenzin,103
Kazu,101
IceBox,102
yOFT,99
Hika,99
Pancake,123
Carzzy,114
Kobbe,106
gunkrab,101
Maxim,99
Destiny,122
DVLK,102
iiann,104
Kneza,115
Creon,100
Fersito,100
Seeker,99
Stealshot,102
Teddy,102
Saju,101
AHaHaCiK,103
Corporal,100
Sufon,120
happygame,103
Cruel,99
Edenzin,101
Kazu,101
IceBox,102
yOFT,100
Hika,124
Pancake,99
Carzzy,122
Kobbe,101
gunkrab,100
Maxim,103
Destiny,103
DVLK,102
iiann,102
Kneza,103
Creon,102
Fersito,100
Seeker,108
Stealshot,100
Teddy,102
Saju,100
AHaHaCiK,100
Corporal,100
Sufon,100
happygame,106
Cruel,100
Edenzin,120
Kazu,100
IceBox,105
yOFT,100
Hika,100
Pancake,100
Carzzy,101
Kobbe,104
gunkrab,102
Maxim,116
Destiny,103
DVLK,104
iiann,99
Kneza,101
Creon,100
Fersito,100
Seeker,127
Stealshot,101
Teddy,100
Saju,116
AHaHaCiK,99
Corporal,103
Sufon,100
happygame,104
Cruel,102
Edenzin,104
Kazu,116
IceBox,103
yOFT,124
Hika,99
Pancake,102
Carzzy,118
Kobbe,100
gunkrab,127
Maxim,99
Destiny,103
DVLK,100
iiann,99
Kneza,103
Creon,100
Fersito,100
Seeker,101
Stealshot,113
Teddy,99
Saju,100
AHaHaCiK,122
Corporal,101
Sufon,99
happygame,122
Cruel,100
Edenzin,124
Kazu,99
IceBox,99
yOFT,125
Hika,105
Pancake,99
Carzzy,99
Kobbe,113
gunkrab,100
Maxim,99
Destiny,100
DVLK,101
iiann,99
Kneza,101
Creon,124
Fersito,101
Seeker,109
Stealshot,99
Teddy,100
Saju,100
AHaHaCiK,99
Corporal,100
Sufon,100
happygame,101
Cruel,99
Edenzin,101
Kazu,99
IceBox,100
yOFT,104
Hika,100
Pancake,99
Carzzy,100
Kobbe,100
gunkrab,116
Maxim,99
Destiny,99
DVLK,103
iiann,121
Kneza,101
Creon,104
Fersito,106
Seeker,100
Stealshot,101
Teddy,102
Saju,99
AHaHaCiK,101
Corporal,99
Sufon,100
happygame,100
Cruel,117
Edenzin,102
Kazu,122
IceBox,100
yOFT,99
Hika,99
Pancake,99
Carzzy,103
Kobbe,100
gunkrab,100
Maxim,99
Destiny,101
DVLK,102
iiann,97
Kneza,396
Creon,100
Fersito,122
Seeker,100
Stealshot,99
Teddy,100
Saju,112
AHaHaCiK,99
Corporal,102
Sufon,98
happygame,112
Cruel,99
Edenzin,121
Kazu,114
IceBox,103
yOFT,103
Hika,102
Pancake,99
Carzzy,101
Kobbe,100
gunkrab,101
Maxim,100
Destiny,101
DVLK,102
iiann,119
Kneza,100
Creon,100
Fersito,99
Seeker,99
Stealshot,101
Teddy,123
Saju,99
AHaHaCiK,119
Corporal,116
Sufon,99
happygame,100
Cruel,99
Edenzin,111
Kazu,110
IceBox,100
yOFT,117
Hika,124
Pancake,102
Carzzy,120
Kobbe,100
gunkrab,99
Maxim,99
Destiny,100
DVLK,101
iiann,98
Kneza,101
Creon,100
Fersito,99
Seeker,101
Stealshot,118
Teddy,114
Saju,100
AHaHaCiK,99
Corporal,99
Sufon,99
happygame,99
Cruel,99
Edenzin,99
Kazu,101
IceBox,104
yOFT,105
Hika,106
Pancake,102
Carzzy,101
Kobbe,104
gunkrab,106
Maxim,102
Destiny,100
DVLK,101
iiann,99
Kneza,103
Creon,107
Fersito,101
Seeker,127
Stealshot,101
Teddy,100
Saju,101
AHaHaCiK,100
Corporal,99
Sufon,100
happygame,107
Cruel,100
Edenzin,103
Kazu,103
IceBox,101
yOFT,112
Hika,115
Pancake,101
Carzzy,104
Kobbe,102
gunkrab,101
Maxim,115
Destiny,99
DVLK,99
iiann,99
Kneza,100
Creon,100
Fersito,126
Seeker,101
Stealshot,101
Teddy,101
Saju,100
AHaHaCiK,100
Corporal,101
Sufon,101
happygame,102
Cruel,99
Edenzin,103
Kazu,102
IceBox,101
yOFT,102
Hika,104
Pancake,101
Carzzy,100
Kobbe,101
gunkrab,99
Maxim,100
Destiny,100
DVLK,99
iiann,99
Kneza,103
Creon,102
Fersito,100
Seeker,99
Stealshot,100
Teddy,100
Saju,100
AHaHaCiK,100
Corporal,100
Sufon,102
happygame,103
Cruel,98
Edenzin,99
Kazu,98
IceBox,100
yOFT,112
Hika,113
Pancake,100
Carzzy,100
Kobbe,100
gunkrab,101
Maxim,99
Destiny,99
DVLK,102
iiann,99
Kneza,112
Creon,102
Fersito,102
Seeker,99
Stealshot,100
Teddy,100
Saju,100
AHaHaCiK,101
Corporal,103
Sufon,99
happygame,105
Cruel,111
Edenzin,101
Kazu,100
IceBox,101
yOFT,119
Hika,99
Pancake,99
Carzzy,100
Kobbe,101
gunkrab,100
Maxim,100
Destiny,101
DVLK,100
iiann,99
Kneza,100
Creon,114
Fersito,100
Seeker,100
Stealshot,100
Teddy,101
Saju,100
AHaHaCiK,112
Corporal,123
Sufon,100
happygame,100
Cruel,100
Edenzin,100
Kazu,99
IceBox,101
yOFT,100
Hika,100
Pancake,100
Carzzy,100
Kobbe,100
gunkrab,100
Maxim,99
Destiny,101
DVLK,101
iiann,116
Kneza,101
Creon,101
Fersito,99
Seeker,99
Stealshot,98
Teddy,100
Saju,99
AHaHaCiK,98
Corporal,100
Sufon,100
happygame,100
Cruel,99
Edenzin,100
Kazu,101
IceBox,100
yOFT,112
Hika,100
Pancake,101
Carzzy,101
Kobbe,100
gunkrab,101
Maxim,136
Destiny,130
DVLK,134
iiann,100
Kneza,101
Creon,100
Fersito,100
Seeker,100
Stealshot,100
Teddy,99
Saju,120
AHaHaCiK,99
Corporal,100
Sufon,100
happygame,101
Cruel,100
Edenzin,103
Kazu,109
IceBox,99
yOFT,99
Hika,102
Pancake,100
Carzzy,101
Kobbe,99
gunkrab,100
Maxim,99
Destiny,118
DVLK,100
iiann,123
Kneza,102
Creon,99
Fersito,99
Seeker,99
Stealshot,100
Teddy,99
Saju,99
AHaHaCiK,106
Corporal,100
Sufon,110
happygame,98
Cruel,99
Edenzin,99
Kazu,100
IceBox,99
yOFT,100
Hika,100
Pancake,102
Carzzy,100
Kobbe,123
gunkrab,101
Maxim,99
Destiny,98
DVLK,118
iiann,98
Kneza,100
Creon,115
Fersito,100
Seeker,124
Stealshot,100
Teddy,114
Saju,99
AHaHaCiK,121
Corporal,122
Sufon,100
happygame,103
Cruel,120
Edenzin,103
Kazu,101
IceBox,102
yOFT,111
Hika,99
Pancake,99
Carzzy,101
Kobbe,101
gunkrab,100
Maxim,99
Destiny,99
DVLK,100
iiann,98
Kneza,100
Creon,116
Fersito,111
Seeker,100
Stealshot,116
Teddy,100
Saju,100
AHaHaCiK,100
Corporal,100
Sufon,99
happygame,105
Cruel,99
Edenzin,107
Kazu,99
IceBox,102
yOFT,100
Hika,99
Pancake,101
Carzzy,101
Kobbe,105
gunkrab,100
Maxim,100
Destiny,99
DVLK,103
iiann,122
Kneza,104
Creon,101
Fersito,104
Seeker,103
Stealshot,100
Teddy,120
Saju,101
AHaHaCiK,100
Corporal,102
Sufon,100
happygame,112
Cruel,103
Edenzin,101
Kazu,100
IceBox,100
yOFT,100
Hika,99
Pancake,100
Carzzy,100
Kobbe,100
gunkrab,123
Maxim,100
Destiny,99
DVLK,120
iiann,101
Kneza,115
Creon,127
Fersito,99
Seeker,102
Stealshot,99
Teddy,102
Saju,107
AHaHaCiK,101
Corporal,101
Sufon,103
happygame,101
Cruel,123
Edenzin,105
Kazu,100
IceBox,101
yOFT,100
Hika,121
Pancake,103
Carzzy,122
Kobbe,102
gunkrab,101
Maxim,103
Destiny,102
DVLK,112
iiann,100
Kneza,101
Creon,99
Fersito,113
Seeker,102
Stealshot,118
Teddy,101
Saju,99
AHaHaCiK,99
Corporal,101
Sufon,99
happygame,119
Cruel,99
Edenzin,100
Kazu,100
IceBox,114
yOFT,99
Hika,100
Pancake,101
Carzzy,100
Kobbe,101
gunkrab,100
Maxim,122
Destiny,99
DVLK,100
iiann,100
Kneza,112
Creon,100
Fersito,102
Seeker,112
Stealshot,101
Teddy,100
Saju,99
AHaHaCiK,101
Corporal,100
Sufon,99
happygame,100
Cruel,113
Edenzin,100
Kazu,99
IceBox,114
yOFT,111
Hika,103
Pancake,112
Carzzy,101
Kobbe,99
gunkrab,121
Maxim,99
Destiny,101
DVLK,102
iiann,100
Kneza,101
Creon,100
Fersito,100
Seeker,101
Stealshot,100
Teddy,100
Saju,100
AHaHaCiK,111
Corporal,100
Sufon,101
happygame,118
Cruel,123
Edenzin,101
Kazu,99
IceBox,99
yOFT,113
Hika,104
Pancake,108
Carzzy,101
Kobbe,100
gunkrab,100
Maxim,99
Destiny,118
DVLK,108
iiann,121
Kneza,100
Creon,100
Fersito,114
Seeker,100
Stealshot,111
Teddy,100
Saju,112
AHaHaCiK,119
Corporal,99
Sufon,120
happygame,100
Cruel,99
Edenzin,100
Kazu,102
IceBox,102
yOFT,119
Hika,116
Pancake,100
Carzzy,101
Kobbe,99
gunkrab,117
Maxim,99
Destiny,99
DVLK,101
iiann,102
Kneza,120
Creon,99
Fersito,99
Seeker,103
Stealshot,99
Teddy,125
Saju,100
AHaHaCiK,99
Corporal,99
Sufon,100
happygame,104
Cruel,100
Edenzin,101
Kazu,100
IceBox,100
yOFT,100
Hika,99
Pancake,99
Carzzy,120
Kobbe,104
gunkrab,111
Maxim,118
Destiny,101
DVLK,100
iiann,99
Kneza,100
Creon,109
Fersito,101
Seeker,101
Stealshot,101
Teddy,99
Saju,99
AHaHaCiK,99
Corporal,100
Sufon,99
happygame,123
Cruel,99
Edenzin,100
Kazu,100
IceBox,115
yOFT,100
Hika,99
Pancake,122
Carzzy,99
Kobbe,100
gunkrab,100
Maxim,100
Destiny,100
DVLK,101
iiann,99
Kneza,120
Creon,99
Fersito,99
Seeker,99
Stealshot,100
Teddy,114
Saju,101
AHaHaCiK,120
Corporal,111
Sufon,102
happygame,112
Cruel,99
Edenzin,102
Kazu,106
IceBox,100
yOFT,100
Hika,100
Pancake,99
Carzzy,100
Kobbe,100
gunkrab,99
Maxim,110
Destiny,99
DVLK,124
iiann,103
Kneza,103
Creon,100
Fersito,104
Seeker,120
Stealshot,101
Teddy,100
Saju,101
AHaHaCiK,105
Corporal,101
Sufon,104
happygame,105
Cruel,99
Edenzin,103
Kazu,102
IceBox,124
yOFT,102
Hika,100
Pancake,100
Carzzy,100
Kobbe,101
gunkrab,99
Maxim,114
Destiny,102
DVLK,108
iiann,124
Kneza,108
Creon,100
Fersito,100
Seeker,115
Stealshot,101
Teddy,101
Saju,102
AHaHaCiK,116
Corporal,101
Sufon,100
happygame,103
Cruel,100
Edenzin,101
Kazu,99
IceBox,127
yOFT,100
Hika,107
Pancake,117
Carzzy,101
Kobbe,100
gunkrab,99
Maxim,124
Destiny,99
DVLK,103
iiann,104
Kneza,102
Creon,101
Fersito,100
Seeker,122
Stealshot,99
Teddy,101
Saju,99
AHaHaCiK,103
Corporal,123
Sufon,99
happygame,99
Cruel,116
Edenzin,105
Kazu,117
IceBox,101
yOFT,100
Hika,100
Pancake,101
Carzzy,100
Kobbe,101
gunkrab,99
Maxim,103
Destiny,100
DVLK,100
iiann,99
Kneza,99
Creon,100
Fersito,99
Seeker,99
Stealshot,100
Teddy,108
Saju,124
AHaHaCiK,113
Corporal,99
Sufon,100
happygame,100
Cruel,98
Edenzin,101
Kazu,100
IceBox,100
yOFT,100
Hika,116
Pancake,100
Carzzy,99
Kobbe,123
gunkrab,100
Maxim,100
Destiny,101
DVLK,101
iiann,115
Kneza,112
Creon,100
Fersito,99
Seeker,99
Stealshot,119
Teddy,100
Saju,100
AHaHaCiK,99
Corporal,102
Sufon,100
happygame,101
Cruel,100
Edenzin,115
Kazu,101
IceBox,103
yOFT,101
Hika,99
Pancake,101
Carzzy,119
Kobbe,121
gunkrab,102
Maxim,100
Destiny,99
DVLK,101
iiann,99
Kneza,103
Creon,108
Fersito,115
Seeker,101
Stealshot,100
Teddy,101
Saju,100
AHaHaCiK,101
Corporal,102
Sufon,100
happygame,100
Cruel,99
Edenzin,100
Kazu,122
IceBox,104
yOFT,102
Hika,104
Pancake,100
Carzzy,101
Kobbe,100
gunkrab,100
Maxim,99
Destiny,101
DVLK,100
iiann,99
Kneza,103
Creon,100
Fersito,101
Seeker,99
Stealshot,108
Teddy,100
Saju,101
AHaHaCiK,101
Corporal,110
Sufon,99
happygame,99
Cruel,118
Edenzin,100
Kazu,122
IceBox,119
yOFT,100
Hika,100
Pancake,101
Carzzy,100
Kobbe,136
gunkrab,125
Maxim,113
Destiny,101
DVLK,111
iiann,103
Kneza,104
Creon,110
Fersito,99
Seeker,123
Stealshot,101
Teddy,116
Saju,103
AHaHaCiK,101
Corporal,114
Sufon,99
happygame,100
Cruel,99
Edenzin,122
Kazu,100
IceBox,104
yOFT,115
Hika,104
Pancake,100
Carzzy,99
Kobbe,100
gunkrab,101
Maxim,99
Destiny,104
DVLK,103
iiann,101
Kneza,101
Creon,99
Fersito,100
Seeker,99
Stealshot,99
Teddy,102
Saju,118
AHaHaCiK,100
Corporal,100
Sufon,115
happygame,101
Cruel,105
Edenzin,102
Kazu,105
IceBox,103
yOFT,101
Hika,99
Pancake,99
Carzzy,100
Kobbe,100
gunkrab,100
Maxim,100
Destiny,100
DVLK,99
iiann,99
Kneza,101
Creon,104
Fersito,99
Seeker,100
Stealshot,99
Teddy,100
Saju,102
AHaHaCiK,100
Corporal,100
Sufon,119
happygame,106
Cruel,117
Edenzin,100
Kazu,100
IceBox,102
yOFT,99
Hika,125
Pancake,120
Carzzy,101
Kobbe,99
gunkrab,100
Maxim,98
Destiny,100
DVLK,104
iiann,110
Kneza,100
Creon,100
Fersito,99
Seeker,100
Stealshot,100
Teddy,100
Saju,104
AHaHaCiK,101
Corporal,99
Sufon,107
happygame,125
Cruel,100
Edenzin,102
Kazu,120
IceBox,121
yOFT,99
Hika,100
Pancake,100
Carzzy,100
Kobbe,100
gunkrab,112
Maxim,99
Destiny,99
DVLK,112
iiann,102
Kneza,100
Creon,116
Fersito,99
Seeker,122
Stealshot,99
Teddy,100
Saju,100
AHaHaCiK,101
Corporal,115
Sufon,99
happygame,102
Cruel,105
Edenzin,101
Kazu,99
IceBox,99
yOFT,100
Hika,103
Pancake,99
Carzzy,101
Kobbe,106
gunkrab,99
Maxim,100
Destiny,103
DVLK,100
iiann,124
Kneza,101
Creon,99
Fersito,100
Seeker,114
Stealshot,100
Teddy,122
Saju,99
AHaHaCiK,118
Corporal,100
Sufon,101
happygame,107
Cruel,99
Edenzin,99
Kazu,100
IceBox,125
yOFT,100
Hika,99
Pancake,102
Carzzy,100
Kobbe,100
gunkrab,100
Maxim,101
Destiny,100
DVLK,100
iiann,99
Kneza,99
Creon,106
Fersito,101
Seeker,99
Stealshot,99
Teddy,99
Saju,102
AHaHaCiK,114
Corporal,123
Sufon,100
happygame,115
Cruel,100
Edenzin,122
Kazu,100
IceBox,100
yOFT,100
Hika,105
Pancake,98
Carzzy,101
Kobbe,103
gunkrab,99
Maxim,100
Destiny,117
DVLK,100
iiann,98
Kneza,103
Creon,101
Fersito,111
Seeker,100
Stealshot,99
Teddy,404
Saju,102
AHaHaCiK,99
Corporal,100
Sufon,102
happygame,112
Cruel,109
Edenzin,103
Kazu,411
IceBox,119
yOFT,115
Hika,104
Pancake,99
Carzzy,100
Kobbe,102
gunkrab,100
Maxim,101
Destiny,99
DVLK,100
iiann,118
Kneza,105
Creon,110
Fersito,119
Seeker,99
Stealshot,99
Teddy,99
Saju,107
AHaHaCiK,114
Corporal,105
Sufon,121
happygame,105
Cruel,99
Edenzin,101
Kazu,99
IceBox,101
yOFT,118
Hika,100
Pancake,111
Carzzy,99
Kobbe,100
gunkrab,100
Maxim,100
Destiny,102
DVLK,123
iiann,99
Kneza,99
Creon,99
Fersito,101
Seeker,99
Stealshot,117
Teddy,100
Saju,119
AHaHaCiK,100
Corporal,99
Sufon,99
happygame,100
Cruel,99
Edenzin,112
Kazu,101
IceBox,100
yOFT,101
Hika,99
Pancake,112
Carzzy,101
Kobbe,102
gunkrab,102
Maxim,109
Destiny,100
DVLK,100
iiann,102
Kneza,100
Creon,124
Fersito,101
Seeker,101
Stealshot,112
Teddy,100
Saju,113
AHaHaCiK,99
Corporal,124
Sufon,101
happygame,99
Cruel,101
Edenzin,104
Kazu,101
IceBox,100
yOFT,121
Hika,119
Pancake,100
Carzzy,121
Kobbe,118
gunkrab,102
Maxim,99
Destiny,118
DVLK,101
iiann,99
Kneza,101
Creon,101
Fersito,100
Seeker,124
Stealshot,103
Teddy,100
Saju,111
AHaHaCiK,100
Corporal,100
Sufon,103
happygame,100
Cruel,114
Edenzin,98
Kazu,100
IceBox,99
yOFT,100
Hika,102
Pancake,116
Carzzy,101
Kobbe,110
gunkrab,101
Maxim,99
Destiny,100
DVLK,101
iiann,101
Kneza,107
Creon,100
Fersito,100
Seeker,101
Stealshot,100
Teddy,101
Saju,101
AHaHaCiK,112
Corporal,99
Sufon,99
happygame,99
Cruel,98
Edenzin,104
Kazu,100
IceBox,100
yOFT,100
Hika,100
Pancake,100
Carzzy,100
Kobbe,119
gunkrab,99
Maxim,112
Destiny,101
DVLK,101
iiann,115
Kneza,103
Creon,100
Fersito,100
Seeker,102
Stealshot,113
Teddy,99
Saju,114
AHaHaCiK,99
Corporal,100
Sufon,118
happygame,101
Cruel,99
Edenzin,103
Kazu,99
IceBox,99
yOFT,99
Hika,99
Pancake,99
Carzzy,101
Kobbe,100
gunkrab,126
Maxim,100
Destiny,100
DVLK,101
iiann,99
Kneza,100
Creon,100
Fersito,100
Seeker,108
Stealshot,109
Teddy,101
Saju,100
AHaHaCiK,99
Corporal,99
Sufon,99
happygame,102
Cruel,102
Edenzin,104
Kazu,101
IceBox,99
yOFT,116
Hika,99
Pancake,102
Carzzy,125
Kobbe,123
gunkrab,99
Maxim,112
Destiny,111
DVLK,101
iiann,102
Kneza,101
Creon,100
Fersito,99
Seeker,100
Stealshot,119
Teddy,100
Saju,122
AHaHaCiK,99
Corporal,102
Sufon,99
happygame,99
Cruel,106
Edenzin,102
Kazu,117
IceBox,125
yOFT,99
Hika,99
Pancake,112
Carzzy,100
Kobbe,102
gunkrab,99
Maxim,118
Destiny,99
DVLK,100
iiann,101
Kneza,102
Creon,100
Fersito,103
Seeker,105
Stealshot,99
Teddy,100
Saju,103
AHaHaCiK,113
Corporal,100
Sufon,99
happygame,100
Cruel,99
Edenzin,102
Kazu,112
IceBox,100
yOFT,103
Hika,99
Pancake,101
Carzzy,99
Kobbe,100
gunkrab,100
Maxim,100
Destiny,99
DVLK,99
iiann,117
Kneza,103
Creon,115
Fersito,99
Seeker,101
Stealshot,110
Teddy,103
Saju,113
AHaHaCiK,102
Corporal,104
Sufon,100
happygame,109
Cruel,99
Edenzin,99
Kazu,100
IceBox,103
yOFT,100
Hika,117
Pancake,116
Carzzy,110
Kobbe,118
gunkrab,101
Maxim,99
Destiny,100
DVLK,101
iiann,116
Kneza,101
Creon,99
Fersito,100
Seeker,98
Stealshot,123
Teddy,100
Saju,103
AHaHaCiK,100
Corporal,100
Sufon,103
happygame,100
Cruel,99
Edenzin,100
Kazu,104
IceBox,100
yOFT,101
Hika,101
Pancake,101
Carzzy,101
Kobbe,114
gunkrab,101
Maxim,109
Destiny,100
DVLK,100
iiann,99
Kneza,128
Creon,100
Fersito,100
Seeker,101
Stealshot,124
Teddy,100
Saju,100
AHaHaCiK,100
Corporal,100
Sufon,100
happygame,100
Cruel,98
Edenzin,103
Kazu,119
IceBox,104
yOFT,100
Hika,100
Pancake,105
Carzzy,99
Kobbe,115
gunkrab,101
Maxim,100
Destiny,103
DVLK,100
iiann,99
Kneza,101
Creon,101
Fersito,100
Seeker,125
Stealshot,99
Teddy,105
Saju,99
AHaHaCiK,100
Corporal,100
Sufon,115
happygame,101
Cruel,118
Edenzin,104
Kazu,101
IceBox,121
yOFT,124
Hika,99
Pancake,99
Carzzy,100
Kobbe,100
gunkrab,101
Maxim,99
Destiny,100
DVLK,126
iiann,98
Kneza,100
Creon,101
Fersito,100
Seeker,99
Stealshot,99
Teddy,149
Saju,100
AHaHaCiK,100
Corporal,100
Sufon,99
happygame,100
Cruel,99
Edenzin,100
Kazu,100
IceBox,120
yOFT,100
Hika,106
Pancake,99
Carzzy,102
Kobbe,100
gunkrab,99
Maxim,100
Destiny,120
DVLK,102
iiann,99
Kneza,103
Creon,100
Fersito,99
Seeker,99
Stealshot,99
Teddy,125
Saju,102
AHaHaCiK,100
Corporal,100
Sufon,123
happygame,120
Cruel,100
Edenzin,100
Kazu,99
IceBox,101
yOFT,100
Hika,113
Pancake,100
Carzzy,100
Kobbe,99
gunkrab,100
Maxim,106
Destiny,115
DVLK,99
iiann,99
Kneza,100
Creon,119
Fersito,100
Seeker,99
Stealshot,101
Teddy,101
Saju,114
AHaHaCiK,99
Corporal,100
Sufon,100
happygame,103
Cruel,100
Edenzin,116
Kazu,101
IceBox,102
yOFT,100
Hika,109
Pancake,122
Carzzy,100
Kobbe,113
gunkrab,101
Maxim,99
Destiny,101
DVLK,104
iiann,123
Kneza,110
Creon,102
Fersito,100
Seeker,100
Stealshot,100
Teddy,100
Saju,103
AHaHaCiK,101
Corporal,111
Sufon,120
happygame,100
Cruel,102
Edenzin,100
Kazu,121
IceBox,114
yOFT,100
Hika,99
Pancake,121
Carzzy,101
Kobbe,100
gunkrab,114
Maxim,100
Destiny,101
DVLK,114
iiann,98
Kneza,117
Creon,99
Fersito,100
Seeker,99
Stealshot,121
Teddy,113
Saju,102
AHaHaCiK,99
Corporal,117
Sufon,99
happygame,99
Cruel,99
Edenzin,100
Kazu,100
IceBox,101
yOFT,99
Hika,100
Pancake,100
Carzzy,103
Kobbe,100
gunkrab,411
Maxim,101
Destiny,101
DVLK,103
iiann,100
Kneza,105
Creon,100
Fersito,100
Seeker,100
Stealshot,102
Teddy,127
Saju,100
AHaHaCiK,119
Corporal,100
Sufon,99
happygame,99
Cruel,101
Edenzin,101
Kazu,101
IceBox,101
yOFT,101
Hika,248
Pancake,101
Carzzy,100
Kobbe,120
gunkrab,100
Maxim,109
Destiny,118
DVLK,101
iiann,116
Kneza,103
Creon,111
Fersito,101
Seeker,100
Stealshot,100
Teddy,101
Saju,99
AHaHaCiK,99
Corporal,117
Sufon,101
happygame,100
Cruel,124
Edenzin,100
Kazu,99
IceBox,99
yOFT,99
Hika,100
Pancake,101
Carzzy,117
Kobbe,100
gunkrab,118
Maxim,102
Destiny,99
DVLK,124
iiann,100
Kneza,103
Creon,99
Fersito,101
Seeker,99
Stealshot,125
Teddy,110
Saju,99
AHaHaCiK,100
Corporal,99
Sufon,100
happygame,99
Cruel,102
Edenzin,99
Kazu,100
IceBox,110
yOFT,99
Hika,101
Pancake,100
Carzzy,117
Kobbe,100
gunkrab,99
Maxim,116
Destiny,99
DVLK,102
iiann,113
Kneza,102
Creon,100
Fersito,99
Seeker,119
Stealshot,108
Teddy,110
Saju,100
AHaHaCiK,123
Corporal,104
Sufon,100
happygame,100
Cruel,98
Edenzin,100
Kazu,103
IceBox,100
yOFT,115
Hika,100
Pancake,99
Carzzy,100
Kobbe,104
gunkrab,100
Maxim,121
Destiny,121
DVLK,104
iiann,99
Kneza,100
Creon,98
Fersito,102
Seeker,101
Stealshot,99
Teddy,99
Saju,100
AHaHaCiK,99
Corporal,102
Sufon,120
happygame,105
Cruel,99
Edenzin,104
Kazu,104
IceBox,101
yOFT,99
Hika,119
Pancake,100
Carzzy,100
Kobbe,110
gunkrab,101
Maxim,100
Destiny,100
DVLK,102
iiann,98
Kneza,99
Creon,120
Fersito,120
Seeker,100
Stealshot,99
Teddy,100
Saju,113
AHaHaCiK,108
Corporal,101
Sufon,118
happygame,102
Cruel,123
Edenzin,101
Kazu,101
IceBox,100
yOFT,100
Hika,101
Pancake,110
Carzzy,134
Kobbe,100
gunkrab,100
Maxim,100
Destiny,106
DVLK,100
iiann,115
Kneza,99
Creon,121
Fersito,100
Seeker,124
Stealshot,100
Teddy,100
Saju,101
AHaHaCiK,102
Corporal,100
Sufon,117
happygame,128
Cruel,119
Edenzin,101
Kazu,99
IceBox,123
yOFT,99
Hika,114
Pancake,99
Carzzy,101
Kobbe,102
gunkrab,100
Maxim,100
Destiny,99
DVLK,112
iiann,100
Kneza,105
Creon,100
Fersito,100
Seeker,396
Stealshot,99
Teddy,114
Saju,100
AHaHaCiK,100
Corporal,101
Sufon,100
happygame,101
Cruel,98
Edenzin,101
Kazu,100
IceBox,102
yOFT,115
Hika,99
Pancake,100
Carzzy,102
Kobbe,101
gunkrab,109
Maxim,100
Destiny,100
DVLK,121
iiann,107
Kneza,107
Creon,99
Fersito,103
Seeker,101
Stealshot,100
Teddy,100
Saju,99
AHaHaCiK,388
Corporal,100
Sufon,101
happygame,105
Cruel,99
Edenzin,99
Kazu,99
IceBox,102
yOFT,100
Hika,112
Pancake,100
Carzzy,114
Kobbe,314
gunkrab,99
Maxim,99
Destiny,99
DVLK,101
iiann,161
Kneza,99
Creon,103
Fersito,120
Seeker,100
Stealshot,120
Teddy,100
Saju,124
AHaHaCiK,99
Corporal,100
Sufon,99
happygame,117
Cruel,101
Edenzin,126
Kazu,125
IceBox,115
yOFT,125
Hika,362
Pancake,99
Carzzy,100
Kobbe,101
gunkrab,101
Maxim,101
Destiny,124
DVLK,120
iiann,113
Kneza,123
Creon,104
Fersito,100
Seeker,100
Stealshot,99
Teddy,111
Saju,100
AHaHaCiK,115
Corporal,99
Sufon,101
happygame,101
Cruel,101
Edenzin,101
Kazu,99
IceBox,120
yOFT,119
Hika,99
Pancake,100
Carzzy,101
Kobbe,101
gunkrab,100
Maxim,99
Destiny,99
DVLK,100
iiann,99
Kneza,113
Creon,111
Fersito,99
Seeker,102
Stealshot,99
Teddy,100
Saju,101
AHaHaCiK,98
Corporal,101
Sufon,99
happygame,122
Cruel,123
Edenzin,101
Kazu,116
IceBox,100
yOFT,108
Hika,100
Pancake,101
Carzzy,103
Kobbe,102
gunkrab,100
Maxim,99
Destiny,100
DVLK,124
iiann,121
Kneza,102
Creon,118
Fersito,102
Seeker,105
Stealshot,113
Teddy,100
Saju,100
AHaHaCiK,104
Corporal,100
Sufon,117
happygame,102
Cruel,99
Edenzin,124
Kazu,101
IceBox,101
yOFT,100
Hika,100
Pancake,99
Carzzy,101
Kobbe,118
gunkrab,100
Maxim,99
Destiny,99
DVLK,99
iiann,99
Kneza,100
Creon,100
Fersito,100
Seeker,101
Stealshot,99
Teddy,100
Saju,384
AHaHaCiK,99
Corporal,101
Sufon,111
happygame,101
Cruel,110
Edenzin,102
Kazu,125
IceBox,103
yOFT,102
Hika,100
Pancake,100
Carzzy,398
Kobbe,100
gunkrab,100
Maxim,100
Destiny,101
DVLK,101
iiann,101
Kneza,103
Creon,100
Fersito,100
Seeker,100
Stealshot,105
Teddy,100
Saju,103
AHaHaCiK,100
Corporal,100
Sufon,100
happygame,100
Cruel,101
Edenzin,100
Kazu,127
IceBox,101
yOFT,100
Hika,100
Pancake,102
Carzzy,101
Kobbe,118
gunkrab,99
Maxim,99
Destiny,99
DVLK,120
iiann,100
Kneza,103
Creon,100
Fersito,117
Seeker,102
Stealshot,100
Teddy,99
Saju,100
AHaHaCiK,99
Corporal,100
Sufon,100
happygame,103
Cruel,120
Edenzin,110
Kazu,100
IceBox,409
yOFT,99
Hika,398
Pancake,112
Carzzy,105
Kobbe,101
gunkrab,100
Maxim,565
Destiny,114
DVLK,104
iiann,100
Kneza,416
Creon,100
Fersito,100
Seeker,100
Stealshot,99
Teddy,112
Saju,99
AHaHaCiK,100
Corporal,100
Sufon,116
happygame,102
Cruel,99
Edenzin,101
Kazu,99
IceBox,123
yOFT,101
Hika,100
Pancake,106
Carzzy,102
Kobbe,100
gunkrab,99
Maxim,119
Destiny,101
DVLK,101
iiann,100
Kneza,101
Creon,116
Fersito,100
Seeker,101
Stealshot,100
Teddy,100
Saju,114
AHaHaCiK,99
Corporal,100
Sufon,100
happygame,104
Cruel,122
Edenzin,101
Kazu,120
IceBox,110
yOFT,100
Hika,120
Pancake,109
Carzzy,100
Kobbe,99
gunkrab,104
Maxim,118
Destiny,100
DVLK,99
iiann,101
Kneza,105
Creon,100
Fersito,253
Seeker,101
Stealshot,100
Teddy,101
Saju,100
AHaHaCiK,98
Corporal,99
Sufon,99
happygame,101
Cruel,108
Edenzin,114
Kazu,125
IceBox,100
yOFT,101
Hika,112
Pancake,99
Carzzy,100
Kobbe,103
gunkrab,122
Maxim,99
Destiny,100
DVLK,100
iiann,99
Kneza,100
Creon,99
Fersito,101
Seeker,100
Stealshot,117
Teddy,100
Saju,100
AHaHaCiK,98
Corporal,101
Sufon,100
happygame,105
Cruel,99
Edenzin,109
Kazu,102
IceBox,100
yOFT,100
Hika,100
Pancake,99
Carzzy,107
Kobbe,100
gunkrab,99
Maxim,98
Destiny,99
DVLK,99
iiann,99
Kneza,102
Creon,101
Fersito,112
Seeker,117
Stealshot,99
Teddy,118
Saju,101
AHaHaCiK,101
Corporal,100
Sufon,99
happygame,100
Cruel,328
Edenzin,100
Kazu,117
IceBox,99
yOFT,100
Hika,99
Pancake,103
Carzzy,99
Kobbe,99
gunkrab,100
Maxim,99
Destiny,99
DVLK,101
iiann,100
Kneza,103
Creon,100
Fersito,118
Seeker,99
Stealshot,102
Teddy,125
Saju,120
AHaHaCiK,101
Corporal,100
Sufon,101
happygame,100
Cruel,99
Edenzin,101
Kazu,100
IceBox,117
yOFT,102
Hika,100
Pancake,122
Carzzy,100
Kobbe,101
gunkrab,99
Maxim,101
Destiny,100
DVLK,105
iiann,102
Kneza,102
Creon,110
Fersito,99
Seeker,116
Stealshot,100
Teddy,101
Saju,115
AHaHaCiK,100
Corporal,100
Sufon,99
happygame,101
Cruel,122
Edenzin,102
Kazu,103
IceBox,101
yOFT,101
Hika,99
Pancake,120
Carzzy,101
Kobbe,119
gunkrab,106
Maxim,99
Destiny,106
DVLK,105
iiann,100
Kneza,101
Creon,100
Fersito,101
Seeker,101
Stealshot,99
Teddy,100
Saju,103
AHaHaCiK,99
Corporal,102
Sufon,99
happygame,101
Cruel,99
Edenzin,103
Kazu,101
IceBox,101
yOFT,102
Hika,99
Pancake,99
Carzzy,101
Kobbe,99
gunkrab,101
Maxim,102
Destiny,120
DVLK,102
iiann,104
Kneza,101
Creon,119
Fersito,100
Seeker,100
Stealshot,101
Teddy,103
Saju,101
AHaHaCiK,103
Corporal,103
Sufon,99
happygame,99
Cruel,113
Edenzin,100
Kazu,102
IceBox,101
yOFT,101
Hika,100
Pancake,99
Carzzy,123
Kobbe,100
gunkrab,104
Maxim,100
Destiny,109
DVLK,112
iiann,101
Kneza,101
Creon,375
Fersito,117
Seeker,116
Stealshot,100
Teddy,117
Saju,101
AHaHaCiK,401
Corporal,100
Sufon,101
happygame,403
Cruel,112
Edenzin,104
Kazu,100
IceBox,116
yOFT,364
Hika,99
Pancake,99
Carzzy,100
Kobbe,100
gunkrab,101
Maxim,100
Destiny,100
DVLK,101
iiann,99
Kneza,102
Creon,99
Fersito,100
Seeker,100
Stealshot,101
Teddy,100
Saju,112
AHaHaCiK,99
Corporal,102
Sufon,103
happygame,117
Cruel,99
Edenzin,99
Kazu,99
IceBox,116
yOFT,118
Hika,99
Pancake,102
Carzzy,99
Kobbe,100
gunkrab,101
Maxim,99
Destiny,100
DVLK,114
iiann,118
Kneza,101
Creon,100
Fersito,99
Seeker,99
Stealshot,100
Teddy,99
Saju,103
AHaHaCiK,100
Corporal,102
Sufon,101
happygame,113
Cruel,99
Edenzin,103
Kazu,116
IceBox,101
yOFT,100
Hika,100
Pancake,99
Carzzy,122
Kobbe,101
gunkrab,100
Maxim,104
Destiny,99
DVLK,104
iiann,99
Kneza,110
Creon,100
Fersito,99
Seeker,120
Stealshot,104
Teddy,100
Saju,99
AHaHaCiK,102
Corporal,115
Sufon,99
happygame,100
Cruel,100
Edenzin,106
Kazu,100
IceBox,111
yOFT,121
Hika,102
Pancake,100
Carzzy,100
Kobbe,99
gunkrab,100
Maxim,113
Destiny,101
DVLK,123
iiann,121
Kneza,100
Creon,100
Fersito,104
Seeker,99
Stealshot,99
Teddy,100
Saju,101
AHaHaCiK,100
Corporal,100
Sufon,123
happygame,101
Cruel,100
Edenzin,102
Kazu,101
IceBox,113
yOFT,99
Hika,99
Pancake,106
Carzzy,100
Kobbe,122
gunkrab,115
Maxim,100
Destiny,99
DVLK,101
iiann,100
Kneza,100
Creon,100
Fersito,99
Seeker,112
Stealshot,100
Teddy,100
Saju,101
AHaHaCiK,117
Corporal,117
Sufon,101
happygame,102
Cruel,102
Edenzin,99
Kazu,100
IceBox,102
yOFT,100
Hika,100
Pancake,99
Carzzy,102
Kobbe,100
gunkrab,101
Maxim,108
Destiny,101
DVLK,123
iiann,100
Kneza,100
Creon,118
Fersito,101
Seeker,119
Stealshot,99
Teddy,100
Saju,100
AHaHaCiK,104
Corporal,123
Sufon,123
happygame,110
Cruel,100
Edenzin,100
Kazu,104
IceBox,100
yOFT,99
Hika,102
Pancake,111
Carzzy,100
Kobbe,100
gunkrab,102
Maxim,99
Destiny,101
DVLK,102
iiann,99
Kneza,100
Creon,124
Fersito,115
Seeker,99
Stealshot,100
Teddy,122
Saju,100
AHaHaCiK,100
Corporal,99
Sufon,112
happygame,100
Cruel,103
Edenzin,102
Kazu,100
IceBox,104
yOFT,100
Hika,101
Pancake,104
Carzzy,105
Kobbe,100
gunkrab,102
Maxim,99
Destiny,100
DVLK,103
iiann,100
Kneza,132
Creon,100
Fersito,99
Seeker,100
Stealshot,125
Teddy,105
Saju,106
AHaHaCiK,103
Corporal,122
Sufon,100
happygame,115
Cruel,98
Edenzin,99
Kazu,102
IceBox,113
yOFT,100
Hika,100
Pancake,105
Carzzy,126
Kobbe,101
gunkrab,100
Maxim,110
Destiny,112
DVLK,102
iiann,99
Kneza,100
Creon,113
Fersito,99
Seeker,99
Stealshot,125
Teddy,105
Saju,103
AHaHaCiK,99
Corporal,99
Sufon,99
happygame,101
Cruel,110
Edenzin,100
Kazu,122
IceBox,100
yOFT,104
Hika,101
Pancake,99
Carzzy,113
Kobbe,99
gunkrab,117
Maxim,101
Destiny,101
DVLK,104
iiann,99
Kneza,100
Creon,100
Fersito,100
Seeker,102
Stealshot,104
Teddy,123
Saju,102
AHaHaCiK,101
Corporal,100
Sufon,99
happygame,100
Cruel,101
Edenzin,102
Kazu,103
IceBox,110
yOFT,101
Hika,103
Pancake,128
Carzzy,102
Kobbe,106
gunkrab,102
Maxim,101
Destiny,99
DVLK,101
iiann,99
Kneza,100
Creon,100
Fersito,105
Seeker,103
Stealshot,101
Teddy,100
Saju,124
AHaHaCiK,100
Corporal,102
Sufon,436
happygame,102
Cruel,118
Edenzin,110
Kazu,99
IceBox,101
yOFT,100
Hika,100
Pancake,100
Carzzy,102
Kobbe,122
gunkrab,102
Maxim,101
Destiny,100
DVLK,101
iiann,100
Kneza,107
Creon,121
Fersito,101
Seeker,101
Stealshot,100
Teddy,101
Saju,101
AHaHaCiK,100
Corporal,104
Sufon,99
happygame,100
Cruel,99
Edenzin,102
Kazu,100
IceBox,101
yOFT,102
Hika,104
Pancake,99
Carzzy,100
Kobbe,121
gunkrab,103
Maxim,394
Destiny,103
DVLK,329
iiann,291
Kneza,355
Creon,119
Fersito,101
Seeker,261
Stealshot,379
Teddy,100
Saju,104
AHaHaCiK,101
Corporal,100
Sufon,423
happygame,102
Cruel,101
Edenzin,101
Kazu,101
IceBox,110
yOFT,100
Hika,101
Pancake,101
Carzzy,101
Kobbe,102
gunkrab,101
Maxim,100
Destiny,101
DVLK,112
iiann,100
Kneza,100
Creon,100
Fersito,101
Seeker,101
Stealshot,102
Teddy,99
Saju,100
AHaHaCiK,101
Corporal,121
Sufon,123
happygame,104
Cruel,101
Edenzin,102
Kazu,100
IceBox,122
yOFT,103
Hika,104
Pancake,103
Carzzy,103
Kobbe,100
gunkrab,100
Maxim,100
Destiny,100
DVLK,128
iiann,99
Kneza,100
Creon,118
Fersito,100
Seeker,103
Stealshot,100
Teddy,100
Saju,101
AHaHaCiK,104
Corporal,100
Sufon,100
happygame,100
Cruel,99
Edenzin,102
Kazu,117
IceBox,105
yOFT,100
Hika,101
Pancake,101
Carzzy,103
Kobbe,102
gunkrab,107
Maxim,99
Destiny,102
DVLK,102
iiann,100
Kneza,106
Creon,102
Fersito,101
Seeker,102
Stealshot,101
Teddy,105
Saju,103
AHaHaCiK,103
Corporal,106
Sufon,100
happygame,101
Cruel,100
Edenzin,102
Kazu,103
IceBox,104
yOFT,100
Hika,100
Pancake,100
Carzzy,103
Kobbe,102
gunkrab,101
Maxim,100
Destiny,102
DVLK,121
iiann,100
Kneza,101
Creon,101
Fersito,101
Seeker,102
Stealshot,99
Teddy,101
Saju,100
AHaHaCiK,101
Corporal,101
Sufon,100
happygame,112
Cruel,101
Edenzin,105
Kazu,100
IceBox,104
yOFT,101
Hika,122
Pancake,100
Carzzy,102
Kobbe,102
gunkrab,100
Maxim,99
Destiny,100
DVLK,103
iiann,100
Kneza,102
Creon,100
Fersito,102
Seeker,100
Stealshot,101
Teddy,105
Saju,100
AHaHaCiK,98
Corporal,101
Sufon,119
happygame,113
Cruel,117
Edenzin,100
Kazu,99
IceBox,104
yOFT,100
Hika,100
Pancake,101
Carzzy,114
Kobbe,100
gunkrab,100
Maxim,106
Destiny,102
DVLK,107
iiann,120
Kneza,102
Creon,101
Fersito,99
Seeker,114
Stealshot,99
Teddy,101
Saju,103
AHaHaCiK,99
Corporal,101
Sufon,100
happygame,102
Cruel,117
Edenzin,104
Kazu,122
IceBox,103
yOFT,101
Hika,100
Pancake,100
Carzzy,126
Kobbe,103
gunkrab,108
Maxim,111
Destiny,101
DVLK,118
iiann,100
Kneza,104
Creon,103
Fersito,100
Seeker,117
Stealshot,100
Teddy,101
Saju,101
AHaHaCiK,99
Corporal,102
Sufon,100
happygame,105
Cruel,100
Edenzin,100
Kazu,103
IceBox,107
yOFT,104
Hika,100
Pancake,122
Carzzy,100
Kobbe,104
gunkrab,101
Maxim,101
Destiny,112
DVLK,101
iiann,101
Kneza,104
Creon,101
Fersito,101
Seeker,115
Stealshot,115
Teddy,110
Saju,104
AHaHaCiK,99
Corporal,115
Sufon,99
happygame,99
Cruel,99
Edenzin,99
Kazu,100
IceBox,101
yOFT,102
Hika,100
Pancake,103
Carzzy,101
Kobbe,105
gunkrab,103
Maxim,100
Destiny,99
DVLK,104
iiann,99
Kneza,99
Creon,123
Fersito,99
Seeker,106
Stealshot,101
Teddy,100
Saju,102
AHaHaCiK,116
Corporal,128
Sufon,101
happygame,104
Cruel,121
Edenzin,103
Kazu,113
IceBox,106
yOFT,100
Hika,113
Pancake,100
Carzzy,114
Kobbe,101
gunkrab,102
Maxim,101
Destiny,101
DVLK,102
iiann,112
Kneza,101
Creon,102
Fersito,100
Seeker,103
Stealshot,100
Teddy,99
Saju,100
AHaHaCiK,100
Corporal,113
Sufon,104
happygame,101
Cruel,101
Edenzin,101
Kazu,127
IceBox,102
yOFT,101
Hika,104
Pancake,100
Carzzy,100
Kobbe,101
gunkrab,100
Maxim,104
Destiny,99
DVLK,113
iiann,105
Kneza,102
Creon,101
Fersito,122
Seeker,100
Stealshot,102
Teddy,118
Saju,107
AHaHaCiK,120
Corporal,102
Sufon,99
happygame,104
Cruel,100
Edenzin,121
Kazu,115
IceBox,119
yOFT,125
Hika,119
Pancake,120
Carzzy,102
Kobbe,101
gunkrab,397
Maxim,103
Destiny,109
DVLK,100
iiann,101
Kneza,103
Creon,101
Fersito,101
Seeker,425
Stealshot,101
Teddy,101
Saju,109
AHaHaCiK,229
Corporal,102
Sufon,100
happygame,103
Cruel,100
Edenzin,101
Kazu,100
IceBox,101
yOFT,100
Hika,100
Pancake,104
Carzzy,101
Kobbe,100
gunkrab,104
Maxim,99
Destiny,99
DVLK,100
iiann,99
Kneza,102
Creon,101
Fersito,100
Seeker,102
Stealshot,99
Teddy,100
Saju,102
AHaHaCiK,99
Corporal,101
Sufon,101
happygame,102
Cruel,100
Edenzin,102
Kazu,102
IceBox,103
yOFT,102
Hika,101
Pancake,100
Carzzy,100
Kobbe,106
gunkrab,99
Maxim,102
Destiny,100
DVLK,102
iiann,100
Kneza,101
Creon,101
Fersito,127
Seeker,100
Stealshot,101
Teddy,113
Saju,100
AHaHaCiK,100
Corporal,99
Sufon,102
happygame,101
Cruel,98
Edenzin,116
Kazu,102
IceBox,103
yOFT,100
Hika,102
Pancake,101
Carzzy,107
Kobbe,101
gunkrab,102
Maxim,99
Destiny,99
DVLK,105
iiann,114
Kneza,101
Creon,104
Fersito,119
Seeker,112
Stealshot,100
Teddy,99
Saju,101
AHaHaCiK,101
Corporal,110
Sufon,100
happygame,107
Cruel,118
Edenzin,102
Kazu,105
IceBox,102
yOFT,119
Hika,100
Pancake,101
Carzzy,101
Kobbe,386
gunkrab,101
Maxim,100
Destiny,470
DVLK,102
iiann,479
Kneza,100
Creon,101
Fersito,100
Seeker,100
Stealshot,100
Teddy,101
Saju,401
AHaHaCiK,406
Corporal,119
Sufon,101
happygame,107
Cruel,101
Edenzin,104
Kazu,99
IceBox,103
yOFT,100
Hika,428
Pancake,100
Carzzy,102
Kobbe,101
gunkrab,103
Maxim,118
Destiny,102
DVLK,103
iiann,100
Kneza,110
Creon,104
Fersito,100
Seeker,100
Stealshot,100
Teddy,101
Saju,120
AHaHaCiK,101
Corporal,119
Sufon,100
happygame,102
Cruel,104
Edenzin,101
Kazu,100
IceBox,101
yOFT,101
Hika,99
Pancake,100
Carzzy,100
Kobbe,102
gunkrab,100
Maxim,101
Destiny,114
DVLK,128
iiann,99
Kneza,102
Creon,101
Fersito,102
Seeker,100
Stealshot,100
Teddy,120
Saju,100
AHaHaCiK,100
Corporal,101
Sufon,119
happygame,100
Cruel,99
Edenzin,124
Kazu,100
IceBox,102
yOFT,101
Hika,123
Pancake,100
Carzzy,100
Kobbe,100
gunkrab,101
Maxim,102
Destiny,100
DVLK,104
iiann,104
Kneza,118
Creon,101
Fersito,123
Seeker,102
Stealshot,101
Teddy,102
Saju,101
AHaHaCiK,100
Corporal,103
Sufon,99
happygame,101
Cruel,100
Edenzin,119
Kazu,102
IceBox,100
yOFT,113
Hika,100
Pancake,101
Carzzy,101
Kobbe,104
gunkrab,125
Maxim,101
Destiny,99
DVLK,101
iiann,99
Kneza,101
Creon,105
Fersito,100
Seeker,102
Stealshot,101
Teddy,100
Saju,100
AHaHaCiK,103
Corporal,102
Sufon,119
happygame,125
Cruel,100
Edenzin,101
Kazu,101
IceBox,101
yOFT,120
Hika,387
Pancake,115
Carzzy,102
Kobbe,101
gunkrab,113
Maxim,100
Destiny,100
DVLK,104
iiann,104
Kneza,103
Creon,100
Fersito,121
Seeker,100
Stealshot,100
Teddy,101
Saju,103
AHaHaCiK,117
Corporal,111
Sufon,101
happygame,107
Cruel,100
Edenzin,121
Kazu,115
IceBox,124
yOFT,118
Hika,101
Pancake,101
Carzzy,101
Kobbe,100
gunkrab,114
Maxim,104
Destiny,100
DVLK,104
iiann,102
Kneza,102
Creon,101
Fersito,101
Seeker,101
Stealshot,100
Teddy,118
Saju,100
AHaHaCiK,99
Corporal,101
Sufon,113
happygame,102
Cruel,120
Edenzin,102
Kazu,100
IceBox,103
yOFT,100
Hika,101
Pancake,101
Carzzy,101
Kobbe,100
gunkrab,100
Maxim,99
Destiny,100
DVLK,110
iiann,99
Kneza,100
Creon,100
Fersito,107
Seeker,101
Stealshot,100
Teddy,121
Saju,101
AHaHaCiK,100
Corporal,102
Sufon,101
happygame,122
Cruel,105
Edenzin,100
Kazu,119
IceBox,100
yOFT,100
Hika,127
Pancake,102
Carzzy,102
Kobbe,102
gunkrab,102
Maxim,100
Destiny,100
DVLK,101
iiann,110
Kneza,101
Creon,99
Fersito,120
Seeker,99
Stealshot,118
Teddy,101
Saju,100
AHaHaCiK,105
Corporal,120
Sufon,101
happygame,104
Cruel,112
Edenzin,106
Kazu,105
IceBox,101
yOFT,128
Hika,100
Pancake,100
Carzzy,102
Kobbe,101
gunkrab,118
Maxim,100
Destiny,102
DVLK,121
iiann,100
Kneza,103
Creon,101
Fersito,109
Seeker,100
Stealshot,100
Teddy,100
Saju,100
AHaHaCiK,99
Corporal,101
Sufon,122
happygame,104
Cruel,102
Edenzin,106
Kazu,102
IceBox,100
yOFT,101
Hika,100
Pancake,100
Carzzy,100
Kobbe,101
gunkrab,102
Maxim,100
Destiny,100
DVLK,101
iiann,99
Kneza,390
Creon,432
Fersito,100
Seeker,381
Stealshot,114
Teddy,100
Saju,100
AHaHaCiK,99
Corporal,100
Sufon,107
happygame,105
Cruel,98
Edenzin,100
Kazu,101
IceBox,101
yOFT,102
Hika,104
Pancake,104
Carzzy,100
Kobbe,100
gunkrab,100
Maxim,99
Destiny,103
DVLK,121
iiann,99
Kneza,102
Creon,101
Fersito,101
Seeker,102
Stealshot,102
Teddy,101
Saju,100
AHaHaCiK,115
Corporal,117
Sufon,99
happygame,100
Cruel,100
Edenzin,118
Kazu,116
IceBox,100
yOFT,99
Hika,104
Pancake,100
Carzzy,101
Kobbe,118
gunkrab,104
Maxim,103
Destiny,116
DVLK,105
iiann,101
Kneza,123
Creon,99
Fersito,100
Seeker,102
Stealshot,106
Teddy,101
Saju,100
AHaHaCiK,118
Corporal,101
Sufon,100
happygame,105
Cruel,116
Edenzin,102
Kazu,103
IceBox,115
yOFT,101
Hika,117
Pancake,118
Carzzy,101
Kobbe,106
gunkrab,106
Maxim,100
Destiny,99
DVLK,103
iiann,102
Kneza,103
Creon,101
Fersito,103
Seeker,102
Stealshot,124
Teddy,102
Saju,100
AHaHaCiK,117
Corporal,104
Sufon,116
happygame,104
Cruel,104
Edenzin,102
Kazu,101
IceBox,103
yOFT,103
Hika,100
Pancake,121
Carzzy,103
Kobbe,117
gunkrab,100
Maxim,100
Destiny,100
DVLK,116
iiann,113
Kneza,104
Creon,105
Fersito,133
Seeker,100
Stealshot,123
Teddy,100
Saju,103
AHaHaCiK,99
Corporal,100
Sufon,122
happygame,100
Cruel,101
Edenzin,100
Kazu,100
IceBox,117
yOFT,101
Hika,107
Pancake,104
Carzzy,101
Kobbe,100
gunkrab,101
Maxim,111
Destiny,98
DVLK,101
iiann,99
Kneza,104
Creon,100
Fersito,121
Seeker,101
Stealshot,100
Teddy,104
Saju,382
AHaHaCiK,105
Corporal,101
Sufon,395
happygame,100
Cruel,100
Edenzin,101
Kazu,115
IceBox,102
yOFT,100
Hika,101
Pancake,121
Carzzy,110
Kobbe,101
gunkrab,101
Maxim,103
Destiny,100
DVLK,104
iiann,99
Kneza,100
Creon,101
Fersito,99
Seeker,102
Stealshot,99
Teddy,101
Saju,103
AHaHaCiK,99
Corporal,102
Sufon,101
happygame,101
Cruel,103
Edenzin,102
Kazu,125
IceBox,104
yOFT,100
Hika,102
Pancake,120
Carzzy,100
Kobbe,101
gunkrab,120
Maxim,115
Destiny,100
DVLK,123
iiann,117
Kneza,102
Creon,116
Fersito,101
Seeker,117
Stealshot,116
Teddy,109
Saju,100
AHaHaCiK,120
Corporal,102
Sufon,101
happygame,104
Cruel,102
Edenzin,108
Kazu,100
IceBox,103
yOFT,100
Hika,103
Pancake,101
Carzzy,101
Kobbe,103
gunkrab,104
Maxim,111
Destiny,101
DVLK,102
iiann,101
Kneza,116
Creon,102
Fersito,106
Seeker,103
Stealshot,101
Teddy,101
Saju,99
AHaHaCiK,100
Corporal,100
Sufon,99
happygame,100
Cruel,124
Edenzin,110
Kazu,100
IceBox,102
yOFT,100
Hika,103
Pancake,102
Carzzy,105
Kobbe,102
gunkrab,100
Maxim,102
Destiny,99
DVLK,433
iiann,101
Kneza,101
Creon,105
Fersito,101
Seeker,101
Stealshot,101
Teddy,101
Saju,120
AHaHaCiK,104
Corporal,102
Sufon,100
happygame,101
Cruel,107
Edenzin,100
Kazu,99
IceBox,101
yOFT,101
Hika,99
Pancake,103
Carzzy,102
Kobbe,104
gunkrab,101
Maxim,101
Destiny,102
DVLK,106
iiann,101
Kneza,106
Creon,100
Fersito,124
Seeker,121
Stealshot,100
Teddy,100
Saju,104
AHaHaCiK,102
Corporal,107
Sufon,102
happygame,100
Cruel,122
Edenzin,100
Kazu,118
IceBox,100
yOFT,100
Hika,125
Pancake,101
Carzzy,100
Kobbe,100
gunkrab,101
Maxim,102
Destiny,99
DVLK,104
iiann,123
Kneza,105
Creon,115
Fersito,362
Seeker,394
Stealshot,392
Teddy,672
Saju,105
AHaHaCiK,681
Corporal,378
Sufon,627
happygame,370
Cruel,399
Edenzin,405
Kazu,428
IceBox,100
yOFT,102
Hika,101
Pancake,100
Carzzy,120
Kobbe,99
gunkrab,101
Maxim,102
Destiny,114
DVLK,108
iiann,114
Kneza,103
Creon,103
Fersito,101
Seeker,101
Stealshot,99
Teddy,101
Saju,100
AHaHaCiK,99
Corporal,101
Sufon,100
happygame,103
Cruel,112
Edenzin,106
Kazu,103
IceBox,102
yOFT,117
Hika,100
Pancake,119
Carzzy,100
Kobbe,102
gunkrab,101
Maxim,102
Destiny,100
DVLK,101
iiann,118
Kneza,103
Creon,101
Fersito,114
Seeker,104
Stealshot,103
Teddy,100
Saju,100
AHaHaCiK,100
Corporal,101
Sufon,99
happygame,99
Cruel,118
Edenzin,112
Kazu,102
IceBox,104
yOFT,118
Hika,123
Pancake,101
Carzzy,101
Kobbe,101
gunkrab,103
Maxim,124
Destiny,102
DVLK,107
iiann,100
Kneza,103
Creon,118
Fersito,100
Seeker,108
Stealshot,102
Teddy,125
Saju,100
AHaHaCiK,99
Corporal,100
Sufon,101
happygame,113
Cruel,117
Edenzin,108
Kazu,101
IceBox,118
yOFT,100
Hika,99
Pancake,115
Carzzy,118
Kobbe,103
gunkrab,101
Maxim,104
Destiny,100
DVLK,125
iiann,100
Kneza,115
Creon,102
Fersito,100
Seeker,100
Stealshot,100
Teddy,99
Saju,119
AHaHaCiK,99
Corporal,101
Sufon,108
happygame,123
Cruel,124
Edenzin,109
Kazu,105
IceBox,109
yOFT,101
Hika,105
Pancake,114
Carzzy,100
Kobbe,99
gunkrab,100
Maxim,102
Destiny,99
DVLK,100
iiann,99
Kneza,109
Creon,101
Fersito,102
Seeker,100
Stealshot,102
Teddy,101
Saju,100
AHaHaCiK,100
Corporal,101
Sufon,123
happygame,100
Cruel,121
Edenzin,105
Kazu,100
IceBox,107
yOFT,101
Hika,102
Pancake,203
Carzzy,102
Kobbe,112
gunkrab,102
Maxim,117
Destiny,127
DVLK,103
iiann,100
Kneza,105
Creon,100
Fersito,110
Seeker,102
Stealshot,101
Teddy,101
Saju,102
AHaHaCiK,126
Corporal,100
Sufon,99
happygame,101
Cruel,100
Edenzin,104
Kazu,119
IceBox,104
yOFT,100
Hika,99
Pancake,114
Carzzy,106
Kobbe,109
gunkrab,103
Maxim,101
Destiny,101
DVLK,106
iiann,99
Kneza,108
Creon,101
Fersito,103
Seeker,101
Stealshot,100
Teddy,101
Saju,100
AHaHaCiK,100
Corporal,100
Sufon,99
happygame,100
Cruel,110
Edenzin,112
Kazu,119
IceBox,100
yOFT,106
Hika,124
Pancake,101
Carzzy,105
Kobbe,100
gunkrab,100
Maxim,114
Destiny,99
DVLK,101
iiann,99
Kneza,105
Creon,109
Fersito,101
Seeker,101
Stealshot,101
Teddy,101
Saju,103
AHaHaCiK,100
Corporal,100
Sufon,111
happygame,131
Cruel,106
Edenzin,104
Kazu,101
IceBox,102
yOFT,101
Hika,101
Pancake,106
Carzzy,102
Kobbe,101
gunkrab,101
Maxim,120
Destiny,99
DVLK,104
iiann,99
Kneza,104
Creon,100
Fersito,100
Seeker,124
Stealshot,99
Teddy,101
Saju,101
AHaHaCiK,107
Corporal,101
Sufon,101
happygame,103
Cruel,128
Edenzin,115
Kazu,100
IceBox,101
yOFT,130
Hika,99
Pancake,102
Carzzy,103
Kobbe,102
gunkrab,101
Maxim,105
Destiny,100
DVLK,122
iiann,102
Kneza,100
Creon,102
Fersito,104
Seeker,121
Stealshot,99
Teddy,2082
Saju,102
AHaHaCiK,124
Corporal,102
Sufon,102
happygame,123
Cruel,102
Edenzin,103
Kazu,101
IceBox,120
yOFT,105
Hika,125
Pancake,100
Carzzy,103
Kobbe,100
gunkrab,100
Maxim,101
Destiny,124
DVLK,106
iiann,104
Kneza,104
Creon,103
Fersito,119
Seeker,110
Stealshot,124
Teddy,101
Saju,100
AHaHaCiK,100
Corporal,101
Sufon,100
happygame,103
Cruel,123
Edenzin,104
Kazu,102
IceBox,120
yOFT,102
Hika,106
Pancake,413
Carzzy,101
Kobbe,100
gunkrab,106
Maxim,100
Destiny,102
DVLK,101
iiann,100
Kneza,102
Creon,99
Fersito,101
Seeker,103
Stealshot,101
Teddy,100
Saju,102
AHaHaCiK,100
Corporal,100
Sufon,99
happygame,103
Cruel,123
Edenzin,106
Kazu,101
IceBox,104
yOFT,101
Hika,100
Pancake,101
Carzzy,103
Kobbe,101
gunkrab,103
Maxim,99
Destiny,127
DVLK,103
iiann,99
Kneza,103
Creon,103
Fersito,101
Seeker,100
Stealshot,101
Teddy,102
Saju,101
AHaHaCiK,100
Corporal,100
Sufon,99
happygame,115
Cruel,99
Edenzin,426
Kazu,100
IceBox,120
yOFT,101
Hika,106
Pancake,102
Carzzy,101
Kobbe,101
gunkrab,115
Maxim,100
Destiny,99
DVLK,104
iiann,102
Kneza,103
Creon,100
Fersito,100
Seeker,100
Stealshot,100
Teddy,102
Saju,101
AHaHaCiK,100
Corporal,100
Sufon,116
happygame,100
Cruel,123
Edenzin,127
Kazu,114
IceBox,103
yOFT,100
Hika,101
Pancake,101
Carzzy,102
Kobbe,103
gunkrab,103
Maxim,103
Destiny,117
DVLK,113
iiann,100
Kneza,102
Creon,101
Fersito,102
Seeker,100
Stealshot,100
Teddy,100
Saju,100
AHaHaCiK,114
Corporal,104
Sufon,373
happygame,102
Cruel,100
Edenzin,102
Kazu,101
IceBox,106
yOFT,100
Hika,100
Pancake,111
Carzzy,100
Kobbe,100
gunkrab,100
Maxim,112
Destiny,101
DVLK,101
iiann,115
Kneza,107
Creon,100
Fersito,101
Seeker,100
Stealshot,419
Teddy,102
Saju,99
AHaHaCiK,100
Corporal,121
Sufon,102
happygame,102
Cruel,444
Edenzin,101
Kazu,99
IceBox,103
yOFT,114
Hika,104
Pancake,102
Carzzy,101
Kobbe,101
gunkrab,101
Maxim,116
Destiny,99
DVLK,100
iiann,104
Kneza,101
Creon,100
Fersito,102
Seeker,101
Stealshot,102
Teddy,123
Saju,115
AHaHaCiK,99
Corporal,100
Sufon,101
happygame,99
Cruel,100
Edenzin,102
Kazu,104
IceBox,103
yOFT,101
Hika,100
Pancake,100
Carzzy,101
Kobbe,102
gunkrab,103
Maxim,100
Destiny,99
DVLK,103
iiann,103
Kneza,105
Creon,288
Fersito,101
Seeker,106
Stealshot,100
Teddy,101
Saju,101
AHaHaCiK,275
Corporal,102
Sufon,118
happygame,101
Cruel,102
Edenzin,102
Kazu,121
IceBox,101
yOFT,100
Hika,101
Pancake,100
Carzzy,111
Kobbe,102
gunkrab,100
Maxim,101
Destiny,100
DVLK,119
iiann,101
Kneza,120
Creon,121
Fersito,100
Seeker,100
Stealshot,100
Teddy,99
Saju,118
AHaHaCiK,116
Corporal,100
Sufon,114
happygame,100
Cruel,100
Edenzin,100
Kazu,100
IceBox,100
yOFT,100
Hika,101
Pancake,99
Carzzy,100
Kobbe,99
gunkrab,99
Maxim,99
Destiny,118
DVLK,116
iiann,99
Kneza,101
Creon,99
Fersito,100
Seeker,105
Stealshot,100
Teddy,100
Saju,100
AHaHaCiK,99
Corporal,100
Sufon,100
happygame,100
Cruel,116
Edenzin,99
Kazu,98
IceBox,100
yOFT,126
Hika,98
Pancake,99
Carzzy,100
Kobbe,125
gunkrab,99
Maxim,100
Destiny,101
DVLK,100
iiann,121
Kneza,101
Creon,102
Fersito,99
Seeker,107
Stealshot,100
Teddy,101
Saju,100
AHaHaCiK,109
Corporal,99
Sufon,100
happygame,367
Cruel,99
Edenzin,137
Kazu,101
IceBox,99
yOFT,101
Hika,111
Pancake,101
Carzzy,99
Kobbe,100
gunkrab,99
Maxim,112
Destiny,100
DVLK,110
iiann,101
Kneza,99
Creon,123
Fersito,99
Seeker,101
Stealshot,111
Teddy,123
Saju,99
AHaHaCiK,101
Corporal,100
Sufon,100
happygame,125
Cruel,100
Edenzin,100
Kazu,101
IceBox,100
yOFT,100
Hika,103
Pancake,99
Carzzy,114
Kobbe,108
gunkrab,101
Maxim,101
Destiny,123
DVLK,101
iiann,103
Kneza,100
Creon,98
Fersito,99
Seeker,121
Stealshot,101
Teddy,114
Saju,99
AHaHaCiK,120
Corporal,100
Sufon,100
happygame,99
Cruel,99
Edenzin,99
Kazu,99
IceBox,104
yOFT,102
Hika,100
Pancake,116
Carzzy,101
Kobbe,100
gunkrab,100
Maxim,99
Destiny,117
DVLK,122
iiann,100
Kneza,101
Creon,100
Fersito,99
Seeker,99
Stealshot,124
Teddy,102
Saju,100
AHaHaCiK,100
Corporal,101
Sufon,99
happygame,103
Cruel,99
Edenzin,112
Kazu,100
IceBox,99
yOFT,112
Hika,101
Pancake,99
Carzzy,100
Kobbe,100
gunkrab,100
Maxim,100
Destiny,103
DVLK,100
iiann,99
Kneza,100
Creon,100
Fersito,119
Seeker,98
Stealshot,100
Teddy,118
Saju,101
AHaHaCiK,100
Corporal,99
Sufon,100
happygame,99
Cruel,100
Edenzin,119
Kazu,99
IceBox,100
yOFT,405
Hika,117
Pancake,101
Carzzy,121
Kobbe,100
gunkrab,101
Maxim,102
Destiny,100
DVLK,109
iiann,99
Kneza,101
Creon,100
Fersito,111
Seeker,102
Stealshot,100
Teddy,99
Saju,99
AHaHaCiK,111
Corporal,99
Sufon,100
happygame,100
Cruel,99
Edenzin,100
Kazu,100
IceBox,100
yOFT,100
Hika,99
Pancake,123
Carzzy,100
Kobbe,100
gunkrab,99
Maxim,100
Destiny,100
DVLK,100
iiann,99
Kneza,125
Creon,101
Fersito,99
Seeker,124
Stealshot,99
Teddy,99
Saju,110
AHaHaCiK,99
Corporal,110
Sufon,102
happygame,102
Cruel,100
Edenzin,121
Kazu,100
IceBox,100
yOFT,120
Hika,99
Pancake,123
Carzzy,100
Kobbe,104
gunkrab,101
Maxim,98
Destiny,101
DVLK,119
iiann,406
Kneza,100
Creon,103
Fersito,99
Seeker,101
Stealshot,124
Teddy,100
Saju,119
AHaHaCiK,99
Corporal,100
Sufon,113
happygame,124
Cruel,104
Edenzin,99
Kazu,122
IceBox,100
yOFT,105
Hika,110
Pancake,100
Carzzy,133
Kobbe,99
gunkrab,113
Maxim,99
Destiny,99
DVLK,129
iiann,122
Kneza,101
Creon,99
Fersito,99
Seeker,119
Stealshot,117
Teddy,119
Saju,377
AHaHaCiK,120
Corporal,121
Sufon,99
happygame,104
Cruel,402
Edenzin,99
Kazu,109
IceBox,99
yOFT,113
Hika,119
Pancake,99
Carzzy,109
Kobbe,424
gunkrab,391
Maxim,110
Destiny,448
DVLK,449
iiann,379
Kneza,145
Creon,488
Fersito,436
Seeker,158
Stealshot,681
Teddy,714
Saju,522
AHaHaCiK,861
Corporal,423
Sufon,102
happygame,99
Cruel,129
Edenzin,400
Kazu,416
IceBox,101
yOFT,99
Hika,426
Pancake,100
Carzzy,100
Kobbe,99
gunkrab,123
Maxim,106
Destiny,98
DVLK,100
iiann,99
Kneza,99
Creon,127
Fersito,130
Seeker,101
Stealshot,99
Teddy,99
Saju,101
AHaHaCiK,106
Corporal,99
Sufon,103
happygame,111
Cruel,114
Edenzin,101
Kazu,100
IceBox,116
yOFT,108
Hika,98
Pancake,100
Carzzy,99
Kobbe,103
gunkrab,100
Maxim,99
Destiny,99
DVLK,121
iiann,118
Kneza,121
Creon,101
Fersito,126
Seeker,120
Stealshot,113
Teddy,100
Saju,99
AHaHaCiK,100
Corporal,117
Sufon,119
happygame,104
Cruel,126
Edenzin,123
Kazu,111
IceBox,121
yOFT,99
Hika,106
Pancake,128
Carzzy,122
Kobbe,99
gunkrab,99
Maxim,100
Destiny,99
DVLK,125
iiann,99
Kneza,102
Creon,123
Fersito,123
Seeker,99
Stealshot,100
Teddy,122
Saju,100
AHaHaCiK,122
Corporal,99
Sufon,100
happygame,100
Cruel,117
Edenzin,103
Kazu,100
IceBox,99
yOFT,98
Hika,101
Pancake,99
Carzzy,99
Kobbe,99
gunkrab,111
Maxim,99
Destiny,99
DVLK,100
iiann,101
Kneza,100
Creon,100
Fersito,122
Seeker,100
Stealshot,99
Teddy,101
Saju,99
AHaHaCiK,99
Corporal,100
Sufon,108
happygame,123
Cruel,434
Edenzin,99
Kazu,100
IceBox,100
yOFT,99
Hika,110
Pancake,125
Carzzy,98
Kobbe,99
gunkrab,100
Maxim,98
Destiny,99
DVLK,99
iiann,117
Kneza,108
Creon,106
Fersito,122
Seeker,118
Stealshot,112
Teddy,99
Saju,102
AHaHaCiK,98
Corporal,99
Sufon,99
happygame,99
Cruel,99
Edenzin,99
Kazu,103
IceBox,101
yOFT,99
Hika,100
Pancake,99
Carzzy,99
Kobbe,114
gunkrab,125
Maxim,99
Destiny,102
DVLK,100
iiann,100
Kneza,100
Creon,100
Fersito,100
Seeker,99
Stealshot,121
Teddy,122
Saju,99
AHaHaCiK,109
Corporal,100
Sufon,123
happygame,110
Cruel,99
Edenzin,104
Kazu,107
IceBox,100
yOFT,99
Hika,125
Pancake,105
Carzzy,103
Kobbe,102
gunkrab,100
Maxim,118
Destiny,102
DVLK,100
iiann,102
Kneza,99
Creon,101
Fersito,116
Seeker,100
Stealshot,111
Teddy,100
Saju,104
AHaHaCiK,99
Corporal,119
Sufon,116
happygame,101
Cruel,100
Edenzin,99
Kazu,123
IceBox,99
yOFT,99
Hika,98
Pancake,99
Carzzy,99
Kobbe,99
gunkrab,99
Maxim,108
Destiny,119
DVLK,101
iiann,121
Kneza,100
Creon,102
Fersito,98
Seeker,101
Stealshot,99
Teddy,120
Saju,99
AHaHaCiK,120
Corporal,99
Sufon,99
happygame,100
Cruel,100
Edenzin,104
Kazu,100
IceBox,99
yOFT,99
Hika,101
Pancake,99
Carzzy,99
Kobbe,100
gunkrab,101
Maxim,99
Destiny,116
DVLK,100
iiann,440
Kneza,108
Creon,2068
Fersito,104
Seeker,100
Stealshot,100
Teddy,100
Saju,101
AHaHaCiK,100
Corporal,102
Sufon,99
happygame,100
Cruel,99
Edenzin,101
Kazu,199
IceBox,100
yOFT,100
Hika,99
Pancake,99
Carzzy,119
Kobbe,417
gunkrab,100
Maxim,102
Destiny,99
DVLK,102
iiann,100
Kneza,101
Creon,100
Fersito,100
Seeker,100
Stealshot,101
Teddy,100
Saju,100
AHaHaCiK,100
Corporal,120
Sufon,103
happygame,430
Cruel,99
Edenzin,100
Kazu,100
IceBox,110
yOFT,101
Hika,102
Pancake,100
Carzzy,100
Kobbe,99
gunkrab,98
Maxim,114
Destiny,100
DVLK,103
iiann,124
Kneza,104
Creon,102
Fersito,99
Seeker,102
Stealshot,100
Teddy,108
Saju,123
AHaHaCiK,125
Corporal,99
Sufon,100
happygame,99
Cruel,99
Edenzin,101
Kazu,99
IceBox,100
yOFT,100
Hika,100
Pancake,99
Carzzy,109
Kobbe,100
gunkrab,100
Maxim,109
Destiny,100
DVLK,103
iiann,100
Kneza,102
Creon,99
Fersito,99
Seeker,110
Stealshot,105
Teddy,105
Saju,422
AHaHaCiK,100
Corporal,100
Sufon,100
happygame,99
Cruel,99
Edenzin,119
Kazu,146
IceBox,163
yOFT,105
Hika,101
Pancake,103
Carzzy,99
Kobbe,100
gunkrab,100
Maxim,102
Destiny,106
DVLK,100
iiann,100
Kneza,104
Creon,99
Fersito,122
Seeker,100
Stealshot,100
Teddy,100
Saju,100
AHaHaCiK,118
Corporal,100
Sufon,99
happygame,101
Cruel,122
Edenzin,105
Kazu,121
IceBox,101
yOFT,100
Hika,111
Pancake,100
Carzzy,100
Kobbe,100
gunkrab,104
Maxim,119
Destiny,100
DVLK,101
iiann,124
Kneza,101
Creon,99
Fersito,117
Seeker,119
Stealshot,99
Teddy,99
Saju,110
AHaHaCiK,104
Corporal,111
Sufon,107
happygame,101
Cruel,101
Edenzin,102
Kazu,103
IceBox,100
yOFT,99
Hika,100
Pancake,101
Carzzy,100
Kobbe,101
gunkrab,101
Maxim,101
Destiny,99
DVLK,102
iiann,121
Kneza,119
Creon,100
Fersito,116
Seeker,100
Stealshot,104
Teddy,100
Saju,100
AHaHaCiK,101
Corporal,99
Sufon,99
happygame,99
Cruel,98
Edenzin,101
Kazu,100
IceBox,100
yOFT,99
Hika,103
Pancake,119
Carzzy,100
Kobbe,101
gunkrab,100
Maxim,427
Destiny,101
DVLK,119
iiann,98
Kneza,100
Creon,99
Fersito,100
Seeker,99
Stealshot,100
Teddy,99
Saju,100
AHaHaCiK,98
Corporal,100
Sufon,99
happygame,101
Cruel,122
Edenzin,101
Kazu,101
IceBox,123
yOFT,98
Hika,100
Pancake,112
Carzzy,99
Kobbe,102
gunkrab,100
Maxim,104
Destiny,100
DVLK,103
iiann,99
Kneza,100
Creon,118
Fersito,99
Seeker,101
Stealshot,99
Teddy,99
Saju,115
AHaHaCiK,99
Corporal,114
Sufon,102
happygame,101
Cruel,116
Edenzin,106
Kazu,102
IceBox,102
yOFT,100
Hika,118
Pancake,121
Carzzy,427
Kobbe,100
gunkrab,99
Maxim,99
Destiny,99
DVLK,100
iiann,99
Kneza,115
Creon,124
Fersito,100
Seeker,99
Stealshot,100
Teddy,124
Saju,111
AHaHaCiK,100
Corporal,100
Sufon,99
happygame,101
Cruel,117
Edenzin,101
Kazu,122
IceBox,126
yOFT,99
Hika,99
Pancake,101
Carzzy,100
Kobbe,99
gunkrab,443
Maxim,100
Destiny,100
DVLK,122
iiann,110
Kneza,106
Creon,101
Fersito,100
Seeker,100
Stealshot,100
Teddy,107
Saju,101
AHaHaCiK,99
Corporal,100
Sufon,100
happygame,100
Cruel,99
Edenzin,100
Kazu,100
IceBox,103
yOFT,100
Hika,100
Pancake,377
Carzzy,103
Kobbe,100
gunkrab,100
Maxim,99
Destiny,100
DVLK,102
iiann,427
Kneza,100
Creon,101
Fersito,99
Seeker,428
Stealshot,102
Teddy,414
Saju,104
AHaHaCiK,100
Corporal,100
Sufon,114
happygame,102
Cruel,120
Edenzin,100
Kazu,100
IceBox,100
yOFT,100
Hika,99
Pancake,104
Carzzy,100
Kobbe,101
gunkrab,125
Maxim,99
Destiny,116
DVLK,101
iiann,100
Kneza,103
Creon,100
Fersito,100
Seeker,117
Stealshot,100
Teddy,100
Saju,104
AHaHaCiK,100
Corporal,99
Sufon,129
happygame,100
Cruel,100
Edenzin,117
Kazu,118
IceBox,111
yOFT,120
Hika,116
Pancake,100
Carzzy,100
Kobbe,100
gunkrab,101
Maxim,99
Destiny,99
DVLK,99
iiann,100
Kneza,121
Creon,116
Fersito,101
Seeker,101
Stealshot,119
Teddy,100
Saju,101
AHaHaCiK,99
Corporal,100
Sufon,101
happygame,101
Cruel,124
Edenzin,101
Kazu,103
IceBox,101
yOFT,100
Hika,105
Pancake,101
Carzzy,414
Kobbe,122
gunkrab,100
Maxim,99
Destiny,100
DVLK,117
iiann,115
Kneza,102
Creon,104
Fersito,99
Seeker,100
Stealshot,100
Teddy,101
Saju,101
AHaHaCiK,119
Corporal,99
Sufon,117
happygame,101
Cruel,100
Edenzin,101
Kazu,99
IceBox,100
yOFT,100
Hika,104
Pancake,118
Carzzy,99
Kobbe,100
gunkrab,103
Maxim,99
Destiny,98
DVLK,101
iiann,99
Kneza,102
Creon,100
Fersito,102
Seeker,134
Stealshot,102
Teddy,100
Saju,100
AHaHaCiK,116
Corporal,100
Sufon,100
happygame,102
Cruel,100
Edenzin,104
Kazu,100
IceBox,116
yOFT,121
Hika,99
Pancake,120
Carzzy,100
Kobbe,125
gunkrab,100
Maxim,101
Destiny,99
DVLK,114
iiann,101
Kneza,102
Creon,101
Fersito,106
Seeker,102
Stealshot,101
Teddy,99
Saju,100
AHaHaCiK,99
Corporal,101
Sufon,106
happygame,102
Cruel,100
Edenzin,101
Kazu,100
IceBox,121
yOFT,100
Hika,99
Pancake,117
Carzzy,105
Kobbe,118
gunkrab,99
Maxim,99
Destiny,99
DVLK,100
iiann,99
Kneza,100
Creon,101
Fersito,99
Seeker,102
Stealshot,113
Teddy,99
Saju,100
AHaHaCiK,99
Corporal,125
Sufon,101
happygame,104
Cruel,101
Edenzin,109
Kazu,115
IceBox,116
yOFT,100
Hika,100
Pancake,102
Carzzy,101
Kobbe,119
gunkrab,99
Maxim,100
Destiny,116
DVLK,100
iiann,99
Kneza,103
Creon,98
Fersito,100
Seeker,101
Stealshot,100
Teddy,100
Saju,100
AHaHaCiK,112
Corporal,100
Sufon,99
happygame,100
Cruel,405
Edenzin,100
Kazu,120
IceBox,103
yOFT,101
Hika,99
Pancake,101
Carzzy,100
Kobbe,100
gunkrab,100
Maxim,111
Destiny,99
DVLK,99
iiann,100
Kneza,116
Creon,100
Fersito,103
Seeker,100
Stealshot,100
Teddy,100
Saju,102
AHaHaCiK,104
Corporal,100
Sufon,99
happygame,104
Cruel,99
Edenzin,119
Kazu,101
IceBox,101
yOFT,102
Hika,103
Pancake,99
Carzzy,102
Kobbe,113
gunkrab,99
Maxim,100
Destiny,101
DVLK,100
iiann,100
Kneza,122
Creon,100
Fersito,119
Seeker,100
Stealshot,99
Teddy,101
Saju,112
AHaHaCiK,100
Corporal,101
Sufon,99
happygame,99
Cruel,100
Edenzin,102
Kazu,100
IceBox,101
yOFT,99
Hika,112
Pancake,99
Carzzy,100
Kobbe,101
gunkrab,100
Maxim,99
Destiny,100
DVLK,100
iiann,103
Kneza,112
Creon,112
Fersito,99
Seeker,103
Stealshot,114
Teddy,103
Saju,100
AHaHaCiK,99
Corporal,100
Sufon,99
happygame,381
Cruel,100
Edenzin,110
Kazu,102
IceBox,110
yOFT,111
Hika,110
Pancake,99
Carzzy,100
Kobbe,113
gunkrab,100
Maxim,99
Destiny,100
DVLK,100
iiann,99
Kneza,121
Creon,99
Fersito,128
Seeker,99
Stealshot,111
Teddy,100
Saju,100
AHaHaCiK,104
Corporal,103
Sufon,103
happygame,143
Cruel,99
Edenzin,100
Kazu,99
IceBox,118
yOFT,99
Hika,99
Pancake,101
Carzzy,100
Kobbe,100
gunkrab,99
Maxim,100
Destiny,99
DVLK,99
iiann,99
Kneza,107
Creon,120
Fersito,100
Seeker,99
Stealshot,99
Teddy,102
Saju,100
AHaHaCiK,106
Corporal,99
Sufon,101
happygame,127
Cruel,99
Edenzin,100
Kazu,102
IceBox,114
yOFT,112
Hika,122
Pancake,106
Carzzy,100
Kobbe,100
gunkrab,103
Maxim,99
Destiny,105
DVLK,120
iiann,112
Kneza,102
Creon,122
Fersito,99
Seeker,113
Stealshot,100
Teddy,101
Saju,100
AHaHaCiK,99
Corporal,116
Sufon,100
happygame,99
Cruel,99
Edenzin,100
Kazu,99
IceBox,101
yOFT,129
Hika,116
Pancake,100
Carzzy,101
Kobbe,99
gunkrab,123
Maxim,110
Destiny,100
DVLK,115
iiann,117
Kneza,107
Creon,99
Fersito,100
Seeker,99
Stealshot,103
Teddy,111
Saju,102
AHaHaCiK,119
Corporal,99
Sufon,99
happygame,100
Cruel,100
Edenzin,100
Kazu,100
IceBox,101
yOFT,99
Hika,100
Pancake,121
Carzzy,100
Kobbe,100
gunkrab,126
Maxim,101
Destiny,99
DVLK,106
iiann,100
Kneza,109
Creon,113
Fersito,120
Seeker,100
Stealshot,100
Teddy,102
Saju,101
AHaHaCiK,126
Corporal,101
Sufon,101
happygame,100
Cruel,100
Edenzin,99
Kazu,110
IceBox,99
yOFT,101
Hika,99
Pancake,99
Carzzy,102
Kobbe,100
gunkrab,102
Maxim,113
Destiny,100
DVLK,110
iiann,105
Kneza,100
Creon,114
Fersito,102
Seeker,100
Stealshot,113
Teddy,100
Saju,100
AHaHaCiK,125
Corporal,99
Sufon,99
happygame,100
Cruel,99
Edenzin,100
Kazu,99
IceBox,100
yOFT,101
Hika,100
Pancake,99
Carzzy,100
Kobbe,100
gunkrab,99
Maxim,116
Destiny,100
DVLK,103
iiann,98
Kneza,100
Creon,100
Fersito,100
Seeker,101
Stealshot,100
Teddy,100
Saju,99
AHaHaCiK,99
Corporal,106
Sufon,100
happygame,100
Cruel,99
Edenzin,100
Kazu,102
IceBox,116
yOFT,99
Hika,101
Pancake,100
Carzzy,101
Kobbe,100
gunkrab,101
Maxim,99
Destiny,99
DVLK,118
iiann,99
Kneza,101
Creon,108
Fersito,105
Seeker,100
Stealshot,116
Teddy,100
Saju,100
AHaHaCiK,101
Corporal,99
Sufon,99
happygame,102
Cruel,99
Edenzin,412
Kazu,100
IceBox,116
yOFT,102
Hika,101
Pancake,100
Carzzy,100
Kobbe,99
gunkrab,100
Maxim,99
Destiny,114
DVLK,106
iiann,100
Kneza,394
Creon,101
Fersito,99
Seeker,121
Stealshot,99
Teddy,100
Saju,100
AHaHaCiK,118
Corporal,100
Sufon,100
happygame,101
Cruel,120
Edenzin,101
Kazu,100
IceBox,100
yOFT,100
Hika,100
Pancake,99
Carzzy,101
Kobbe,102
gunkrab,101
Maxim,99
Destiny,101
DVLK,100
iiann,98
Kneza,100
Creon,114
Fersito,129
Seeker,100
Stealshot,100
Teddy,118
Saju,99
AHaHaCiK,100
Corporal,101
Sufon,100
happygame,104
Cruel,102
Edenzin,100
Kazu,100
IceBox,101
yOFT,112
Hika,99
Pancake,102
Carzzy,102
Kobbe,103
gunkrab,101
Maxim,115
Destiny,99
DVLK,101
iiann,100
Kneza,102
Creon,101
Fersito,101
Seeker,102
Stealshot,101
Teddy,99
Saju,100
AHaHaCiK,98
Corporal,103
Sufon,426
happygame,362
Cruel,101
Edenzin,103
Kazu,100
IceBox,99
yOFT,100
Hika,102
Pancake,100
Carzzy,100
Kobbe,100
gunkrab,100
Maxim,101
Destiny,106
DVLK,103
iiann,101
Kneza,118
Creon,123
Fersito,100
Seeker,99
Stealshot,436
Teddy,100
Saju,100
AHaHaCiK,100
Corporal,101
Sufon,100
happygame,100
Cruel,100
Edenzin,101
Kazu,100
IceBox,100
yOFT,100
Hika,102
Pancake,99
Carzzy,112
Kobbe,100
gunkrab,120
Maxim,100
Destiny,114
DVLK,100
iiann,101
Kneza,100
Creon,100
Fersito,100
Seeker,101
Stealshot,99
Teddy,100
Saju,101
AHaHaCiK,386
Corporal,115
Sufon,116
happygame,101
Cruel,100
Edenzin,100
Kazu,99
IceBox,99
yOFT,103
Hika,400
Pancake,101
Carzzy,105
Kobbe,99
gunkrab,99
Maxim,100
Destiny,102
DVLK,101
iiann,100
Kneza,101
Creon,102
Fersito,119
Seeker,100
Stealshot,121
Teddy,101
Saju,365
AHaHaCiK,388
Corporal,400
Sufon,460
happygame,387
Cruel,101
Edenzin,116
Kazu,371
IceBox,531
yOFT,217
Hika,247
Pancake,430
Carzzy,729
Kobbe,552
gunkrab,100
Maxim,100
Destiny,395
DVLK,955
iiann,395
Kneza,100
Creon,402
Fersito,116
Seeker,434
Stealshot,369
Teddy,101
Saju,398
AHaHaCiK,101
Corporal,100
Sufon,413
happygame,285
Cruel,102
Edenzin,101
Kazu,102
IceBox,415
yOFT,101
Hika,99
Pancake,99
Carzzy,115
Kobbe,103
gunkrab,102
Maxim,100
Destiny,100
DVLK,101
iiann,100
Kneza,101
Creon,104
Fersito,102
Seeker,100
Stealshot,101
Teddy,99
Saju,100
AHaHaCiK,99
Corporal,116
Sufon,101
happygame,116
Cruel,100
Edenzin,100
Kazu,125
IceBox,102
yOFT,100
Hika,115
Pancake,102
Carzzy,100
Kobbe,114
gunkrab,123
Maxim,102
Destiny,100
DVLK,99
iiann,119
Kneza,116
Creon,102
Fersito,117
Seeker,100
Stealshot,102
Teddy,103
Saju,103
AHaHaCiK,100
Corporal,102
Sufon,99
happygame,99
Cruel,101
Edenzin,100
Kazu,100
IceBox,102
yOFT,103
Hika,146
Pancake,99
Carzzy,101
Kobbe,102
gunkrab,101
Maxim,101
Destiny,102
DVLK,120
iiann,102
Kneza,102
Creon,100
Fersito,103
Seeker,100
Stealshot,101
Teddy,102
Saju,105
AHaHaCiK,101
Corporal,100
Sufon,116
happygame,104
Cruel,100
Edenzin,101
Kazu,123
IceBox,102
yOFT,120
Hika,105
Pancake,100
Carzzy,100
Kobbe,110
gunkrab,125
Maxim,100
Destiny,99
DVLK,116
iiann,99
Kneza,107
Creon,102
Fersito,125
Seeker,111
Stealshot,119
Teddy,102
Saju,106
AHaHaCiK,100
Corporal,100
Sufon,100
happygame,103
Cruel,100
Edenzin,102
Kazu,100
IceBox,100
yOFT,113
Hika,111
Pancake,100
Carzzy,101
Kobbe,100
gunkrab,101
Maxim,103
Destiny,101
DVLK,107
iiann,122
Kneza,104
Creon,126
Fersito,101
Seeker,122
Stealshot,100
Teddy,104
Saju,102
AHaHaCiK,102
Corporal,100
Sufon,100
happygame,102
Cruel,99
Edenzin,100
Kazu,100
IceBox,100
yOFT,100
Hika,107
Pancake,100
Carzzy,103
Kobbe,100
gunkrab,100
Maxim,100
Destiny,125
DVLK,104
iiann,101
Kneza,120
Creon,115
Fersito,101
Seeker,100
Stealshot,100
Teddy,114
Saju,109
AHaHaCiK,103
Corporal,123
Sufon,99
happygame,115
Cruel,101
Edenzin,111
Kazu,100
IceBox,101
yOFT,106
Hika,100
Pancake,100
Carzzy,101
Kobbe,100
gunkrab,101
Maxim,102
Destiny,103
DVLK,108
iiann,123
Kneza,99
Creon,100
Fersito,116
Seeker,101
Stealshot,100
Teddy,100
Saju,124
AHaHaCiK,100
Corporal,100
Sufon,101
happygame,100
Cruel,100
Edenzin,126
Kazu,103
IceBox,105
yOFT,416
Hika,99
Pancake,99
Carzzy,100
Kobbe,103
gunkrab,100
Maxim,101
Destiny,117
DVLK,103
iiann,99
Kneza,104
Creon,101
Fersito,107
Seeker,101
Stealshot,100
Teddy,100
Saju,114
AHaHaCiK,100
Corporal,107
Sufon,111
happygame,104
Cruel,112
Edenzin,105
Kazu,105
IceBox,101
yOFT,101
Hika,103
Pancake,101
Carzzy,119
Kobbe,101
gunkrab,100
Maxim,99
Destiny,99
DVLK,100
iiann,99
Kneza,102
Creon,100
Fersito,108
Seeker,101
Stealshot,100
Teddy,100
Saju,112
AHaHaCiK,102
Corporal,101
Sufon,100
happygame,105
Cruel,99
Edenzin,100
Kazu,100
IceBox,100
yOFT,112
Hika,101
Pancake,124
Carzzy,115
Kobbe,202
gunkrab,101
Maxim,113
Destiny,101
DVLK,101
iiann,100
Kneza,107
Creon,100
Fersito,103
Seeker,100
Stealshot,102
Teddy,124
Saju,103
AHaHaCiK,101
Corporal,119
Sufon,101
happygame,102
Cruel,100
Edenzin,100
Kazu,104
IceBox,103
yOFT,100
Hika,125
Pancake,101
Carzzy,103
Kobbe,119
gunkrab,100
Maxim,111
Destiny,100
DVLK,120
iiann,100
Kneza,103
Creon,101
Fersito,102
Seeker,101
Stealshot,100
Teddy,101
Saju,100
AHaHaCiK,101
Corporal,101
Sufon,100
happygame,111
Cruel,101
Edenzin,103
Kazu,102
IceBox,105
yOFT,104
Hika,117
Pancake,103
Carzzy,110
Kobbe,116
gunkrab,103
Maxim,101
Destiny,99
DVLK,104
iiann,101
Kneza,103
Creon,100
Fersito,107
Seeker,101
Stealshot,124
Teddy,117
Saju,100
AHaHaCiK,98
Corporal,102
Sufon,109
happygame,100
Cruel,119
Edenzin,105
Kazu,117
IceBox,105
yOFT,113
Hika,99
Pancake,100
Carzzy,114
Kobbe,106
gunkrab,100
Maxim,110
Destiny,100
DVLK,106
iiann,100
Kneza,431
Creon,102
Fersito,101
Seeker,110
Stealshot,107
Teddy,102
Saju,100
AHaHaCiK,101
Corporal,112
Sufon,100
happygame,118
Cruel,99
Edenzin,122
Kazu,100
IceBox,109
yOFT,100
Hika,100
Pancake,118
Carzzy,111
Kobbe,100
gunkrab,100
Maxim,100
Destiny,99
DVLK,128
iiann,99
Kneza,117
Creon,109
Fersito,120
Seeker,101
Stealshot,109
Teddy,111
Saju,105
AHaHaCiK,102
Corporal,100
Sufon,99
happygame,100
Cruel,99
Edenzin,100
Kazu,99
IceBox,122
yOFT,112
Hika,102
Pancake,108
Carzzy,100
Kobbe,111
gunkrab,101
Maxim,107
Destiny,102
DVLK,100
iiann,100
Kneza,102
Creon,374
Fersito,98
Seeker,101
Stealshot,100
Teddy,100
Saju,101
AHaHaCiK,99
Corporal,104
Sufon,100
happygame,101
Cruel,106
Edenzin,102
Kazu,100
IceBox,100
yOFT,103
Hika,100
Pancake,100
Carzzy,101
Kobbe,101
gunkrab,117
Maxim,113
Destiny,99
DVLK,101
iiann,100
Kneza,111
Creon,101
Fersito,101
Seeker,100
Stealshot,100
Teddy,118
Saju,101
AHaHaCiK,99
Corporal,103
Sufon,106
happygame,101
Cruel,102
Edenzin,104
Kazu,102
IceBox,114
yOFT,100
Hika,108
Pancake,100
Carzzy,100
Kobbe,100
gunkrab,100
Maxim,101
Destiny,127
DVLK,101
iiann,101
Kneza,103
Creon,100
Fersito,102
Seeker,100
Stealshot,100
Teddy,100
Saju,105
AHaHaCiK,100
Corporal,125
Sufon,100
happygame,103
Cruel,102
Edenzin,134
Kazu,100
IceBox,102
yOFT,111
Hika,103
Pancake,102
Carzzy,105
Kobbe,101
gunkrab,125
Maxim,373
Destiny,99
DVLK,119
iiann,101
Kneza,100
Creon,106
Fersito,107
Seeker,101
Stealshot,101
Teddy,101
Saju,101
AHaHaCiK,101
Corporal,100
Sufon,102
happygame,100
Cruel,99
Edenzin,99
Kazu,99
IceBox,100
yOFT,99
Hika,101
Pancake,102
Carzzy,102
Kobbe,101
gunkrab,100
Maxim,99
Destiny,101
DVLK,120
iiann,112
Kneza,104
Creon,102
Fersito,99
Seeker,100
Stealshot,100
Teddy,101
Saju,101
AHaHaCiK,103
Corporal,103
Sufon,104
happygame,106
Cruel,101
Edenzin,105
Kazu,101
IceBox,104
yOFT,101
Hika,102
Pancake,104
Carzzy,100
Kobbe,100
gunkrab,99
Maxim,101
Destiny,100
DVLK,104
iiann,101
Kneza,102
Creon,99
Fersito,104
Seeker,100
Stealshot,99
Teddy,100
Saju,127
AHaHaCiK,100
Corporal,100
Sufon,103
happygame,99
Cruel,100
Edenzin,109
Kazu,101
IceBox,100
yOFT,119
Hika,101
Pancake,100
Carzzy,103
Kobbe,109
gunkrab,103
Maxim,115
Destiny,100
DVLK,100
iiann,118
Kneza,105
Creon,100
Fersito,100
Seeker,99
Stealshot,100
Teddy,100
Saju,102
AHaHaCiK,101
Corporal,99
Sufon,102
happygame,104
Cruel,99
Edenzin,99
Kazu,100
IceBox,115
yOFT,110
Hika,103
Pancake,99
Carzzy,123
Kobbe,103
gunkrab,99
Maxim,104
Destiny,107
DVLK,115
iiann,100
Kneza,98
Creon,99
Fersito,118
Seeker,123
Stealshot,99
Teddy,99
Saju,100
AHaHaCiK,98
Corporal,101
Sufon,99
happygame,99
Cruel,116
Edenzin,100
Kazu,98
IceBox,102
yOFT,99
Hika,99
Pancake,101
Carzzy,100
Kobbe,114
gunkrab,120
Maxim,99
Destiny,119
DVLK,100
iiann,101
Kneza,100
Creon,99
Fersito,100
Seeker,100
Stealshot,100
Teddy,100
Saju,101
AHaHaCiK,122
Corporal,99
Sufon,101
happygame,100
Cruel,115
Edenzin,417
Kazu,324
IceBox,376
yOFT,123
Hika,101
Pancake,109
Carzzy,101
Kobbe,100
gunkrab,100
Maxim,100
Destiny,345
DVLK,101
iiann,102
Kneza,100
Creon,100
Fersito,123
Seeker,101
Stealshot,99
Teddy,100
Saju,420
AHaHaCiK,100
Corporal,99
Sufon,123
happygame,347
Cruel,100
Edenzin,102
Kazu,405
IceBox,100
yOFT,118
Hika,100
Pancake,120
Carzzy,101
Kobbe,99
gunkrab,99
Maxim,100
Destiny,101
DVLK,100
iiann,439
Kneza,100
Creon,413
Fersito,109
Seeker,100
Stealshot,119
Teddy,113
Saju,99
AHaHaCiK,100
Corporal,108
Sufon,100
happygame,99
Cruel,117
Edenzin,104
Kazu,118
IceBox,108
yOFT,99
Hika,99
Pancake,99
Carzzy,98
Kobbe,100
gunkrab,100
Maxim,98
Destiny,100
DVLK,120
iiann,117
Kneza,101
Creon,100
Fersito,100
Seeker,100
Stealshot,99
Teddy,123
Saju,100
AHaHaCiK,99
Corporal,99
Sufon,99
happygame,107
Cruel,117
Edenzin,116
Kazu,100
IceBox,100
yOFT,99
Hika,120
Pancake,99
Carzzy,99
Kobbe,99
gunkrab,101
Maxim,99
Destiny,109
DVLK,100
iiann,99
Kneza,100
Creon,100
Fersito,100
Seeker,99
Stealshot,98
Teddy,99
Saju,122
AHaHaCiK,123
Corporal,100
Sufon,108
happygame,99
Cruel,99
Edenzin,124
Kazu,103
IceBox,117
yOFT,123
Hika,100
Pancake,99
Carzzy,100
Kobbe,101
gunkrab,101
Maxim,99
Destiny,100
DVLK,100
iiann,99
Kneza,101
Creon,113
Fersito,99
Seeker,99
Stealshot,113
Teddy,100
Saju,99
AHaHaCiK,99
Corporal,119
Sufon,100
happygame,99
Cruel,99
Edenzin,98
Kazu,117
IceBox,121
yOFT,100
Hika,118
Pancake,99
Carzzy,100
Kobbe,99
gunkrab,100
Maxim,117
Destiny,99
DVLK,111
iiann,99
Kneza,101
Creon,99
Fersito,99
Seeker,101
Stealshot,120
Teddy,98
Saju,121
AHaHaCiK,99
Corporal,99
Sufon,99
happygame,102
Cruel,100
Edenzin,118
Kazu,99
IceBox,99
yOFT,99
Hika,99
Pancake,122
Carzzy,100
Kobbe,102
gunkrab,99
Maxim,120
Destiny,100
DVLK,99
iiann,115
Kneza,100
Creon,119
Fersito,99
Seeker,103
Stealshot,119
Teddy,99
Saju,99
AHaHaCiK,99
Corporal,109
Sufon,99
happygame,100
Cruel,121
Edenzin,119
Kazu,100
IceBox,127
yOFT,99
Hika,100
Pancake,99
Carzzy,100
Kobbe,99
gunkrab,101
Maxim,99
Destiny,101
DVLK,100
iiann,100
Kneza,100
Creon,99
Fersito,99
Seeker,99
Stealshot,116
Teddy,100
Saju,128
AHaHaCiK,99
Corporal,99
Sufon,98
happygame,99
Cruel,99
Edenzin,99
Kazu,100
IceBox,103
yOFT,119
Hika,99
Pancake,99
Carzzy,100
Kobbe,412
gunkrab,251
Maxim,420
Destiny,101
DVLK,100
iiann,99
Kneza,100
Creon,114
Fersito,105
Seeker,100
Stealshot,99
Teddy,209
Saju,99
AHaHaCiK,99
Corporal,105
Sufon,104
happygame,450
Cruel,99
Edenzin,101
Kazu,103
IceBox,116
yOFT,122
Hika,100
Pancake,108
Carzzy,99
Kobbe,124
gunkrab,107
Maxim,99
Destiny,119
DVLK,106
iiann,99
Kneza,100
Creon,105
Fersito,99
Seeker,102
Stealshot,99
Teddy,100
Saju,99
AHaHaCiK,106
Corporal,122
Sufon,125
happygame,116
Cruel,120
Edenzin,100
Kazu,438
IceBox,101
yOFT,99
Hika,113
Pancake,99
Carzzy,119
Kobbe,100
gunkrab,120
Maxim,99
Destiny,101
DVLK,100
iiann,99
Kneza,112
Creon,99
Fersito,125
Seeker,109
Stealshot,99
Teddy,100
Saju,100
AHaHaCiK,114
Corporal,110
Sufon,100
happygame,121
Cruel,99
Edenzin,100
Kazu,118
IceBox,114
yOFT,100
Hika,113
Pancake,439
Carzzy,108
Kobbe,99
gunkrab,99
Maxim,118
Destiny,118
DVLK,416
iiann,112
Kneza,137
Creon,124
Fersito,99
Seeker,98
Stealshot,100
Teddy,126
Saju,101
AHaHaCiK,100
Corporal,99
Sufon,117
happygame,123
Cruel,99
Edenzin,109
Kazu,99
IceBox,106
yOFT,100
Hika,126
Pancake,101
Carzzy,100
Kobbe,113
gunkrab,100
Maxim,100
Destiny,120
DVLK,99
iiann,109
Kneza,106
Creon,103
Fersito,100
Seeker,101
Stealshot,123
Teddy,99
Saju,100
AHaHaCiK,112
Corporal,99
Sufon,100
happygame,100
Cruel,100
Edenzin,101
Kazu,100
IceBox,138
yOFT,99
Hika,100
Pancake,99
Carzzy,136
Kobbe,100
gunkrab,100
Maxim,101
Destiny,111
DVLK,106
iiann,144
Kneza,122
Creon,116
Fersito,99
Seeker,103
Stealshot,109
Teddy,224
Saju,107
AHaHaCiK,114
Corporal,121
Sufon,118
happygame,106
Cruel,100
Edenzin,100
Kazu,98
IceBox,134
yOFT,111
Hika,121
Pancake,100
Carzzy,98
Kobbe,108
gunkrab,110
Maxim,99
Destiny,100
DVLK,127
iiann,117
Kneza,100
Creon,101
Fersito,103
Seeker,106
Stealshot,98
Teddy,99
Saju,99
AHaHaCiK,99
Corporal,100
Sufon,115
happygame,103
Cruel,101
Edenzin,101
Kazu,100
IceBox,100
yOFT,99
Hika,100
Pancake,100
Carzzy,126
Kobbe,103
gunkrab,102
Maxim,101
Destiny,99
DVLK,102
iiann,101
Kneza,103
Creon,100
Fersito,100
Seeker,100
Stealshot,100
Teddy,101
Saju,99
AHaHaCiK,120
Corporal,111
Sufon,118
happygame,106
Cruel,100
Edenzin,100
Kazu,101
IceBox,100
yOFT,99
Hika,100
Pancake,103
Carzzy,101
Kobbe,100
gunkrab,99
Maxim,99
Destiny,119
DVLK,100
iiann,112
Kneza,100
Creon,103
Fersito,99
Seeker,100
Stealshot,100
Teddy,101
Saju,100
AHaHaCiK,100
Corporal,102
Sufon,99
happygame,108
Cruel,99
Edenzin,100
Kazu,119
IceBox,99
yOFT,98
Hika,122
Pancake,111
Carzzy,103
Kobbe,99
gunkrab,100
Maxim,98
Destiny,99
DVLK,118
iiann,100
Kneza,100
Creon,101
Fersito,100
Seeker,101
Stealshot,100
Teddy,99
Saju,99
AHaHaCiK,99
Corporal,99
Sufon,100
happygame,99
Cruel,99
Edenzin,101
Kazu,100
IceBox,122
yOFT,99
Hika,100
Pancake,102
Carzzy,99
Kobbe,125
gunkrab,99
Maxim,109
Destiny,119
DVLK,100
iiann,123
Kneza,102
Creon,99
Fersito,99
Seeker,98
Stealshot,99
Teddy,100
Saju,121
AHaHaCiK,100
Corporal,99
Sufon,99
happygame,99
Cruel,99
Edenzin,100
Kazu,99
IceBox,100
yOFT,100
Hika,99
Pancake,103
Carzzy,100
Kobbe,100
gunkrab,124
Maxim,119
Destiny,117
DVLK,101
iiann,100
Kneza,101
Creon,99
Fersito,98
Seeker,109
Stealshot,99
Teddy,99
Saju,100
AHaHaCiK,99
Corporal,99
Sufon,99
happygame,99
Cruel,99
Edenzin,99
Kazu,121
IceBox,100
yOFT,114
Hika,123
Pancake,99
Carzzy,99
Kobbe,99
gunkrab,116
Maxim,120
Destiny,100
DVLK,103
iiann,100
Kneza,100
Creon,108
Fersito,100
Seeker,112
Stealshot,108
Teddy,124
Saju,99
AHaHaCiK,193
Corporal,121
Sufon,99
happygame,111
Cruel,98
Edenzin,123
Kazu,109
IceBox,99
yOFT,100
Hika,121
Pancake,102
Carzzy,101
Kobbe,119
gunkrab,99
Maxim,99
Destiny,100
DVLK,99
iiann,99
Kneza,101
Creon,99
Fersito,99
Seeker,99
Stealshot,113
Teddy,401
Saju,113
AHaHaCiK,103
Corporal,100
Sufon,99
happygame,98
Cruel,99
Edenzin,99
Kazu,114
IceBox,100
yOFT,119
Hika,99
Pancake,100
Carzzy,124
Kobbe,100
gunkrab,99
Maxim,100
Destiny,99
DVLK,99
iiann,100
Kneza,114
Creon,100
Fersito,110
Seeker,99
Stealshot,100
Teddy,100
Saju,100
AHaHaCiK,100
Corporal,99
Sufon,99
happygame,112
Cruel,100
Edenzin,101
Kazu,100
IceBox,112
yOFT,100
Hika,100
Pancake,100
Carzzy,127
Kobbe,98
gunkrab,99
Maxim,99
Destiny,122
DVLK,100
iiann,99
Kneza,125
Creon,103
Fersito,99
Seeker,100
Stealshot,99
Teddy,100
Saju,102
AHaHaCiK,115
Corporal,99
Sufon,99
happygame,99
Cruel,99
Edenzin,100
Kazu,100
IceBox,100
yOFT,99
Hika,99
Pancake,101
Carzzy,100
Kobbe,100
gunkrab,100
Maxim,99
Destiny,98
DVLK,101
iiann,98
Kneza,100
Creon,99
Fersito,112
Seeker,99
Stealshot,121
Teddy,101
Saju,99
AHaHaCiK,99
Corporal,99
Sufon,101
happygame,99
Cruel,100
Edenzin,101
Kazu,100
IceBox,102
yOFT,99
Hika,110
Pancake,100
Carzzy,99
Kobbe,99
gunkrab,119
Maxim,110
Destiny,99
DVLK,100
iiann,99
Kneza,100
Creon,100
Fersito,100
Seeker,118
Stealshot,99
Teddy,123
Saju,100
AHaHaCiK,121
Corporal,100
Sufon,116
happygame,99
Cruel,99
Edenzin,114
Kazu,101
IceBox,102
yOFT,100
Hika,99
Pancake,101
Carzzy,99
Kobbe,100
gunkrab,100
Maxim,108
Destiny,99
DVLK,115
iiann,99
Kneza,124
Creon,100
Fersito,99
Seeker,107
Stealshot,111
Teddy,100
Saju,99
AHaHaCiK,99
Corporal,100
Sufon,99
happygame,123
Cruel,99
Edenzin,101
Kazu,100
IceBox,101
yOFT,99
Hika,121
Pancake,111
Carzzy,116
Kobbe,103
gunkrab,103
Maxim,99
Destiny,121
DVLK,100
iiann,113
Kneza,102
Creon,99
Fersito,123
Seeker,110
Stealshot,99
Teddy,100
Saju,99
AHaHaCiK,99
Corporal,111
Sufon,100
happygame,115
Cruel,238
Edenzin,99
Kazu,99
IceBox,99
yOFT,121
Hika,100
Pancake,103
Carzzy,124
Kobbe,100
gunkrab,100
Maxim,121
Destiny,428
DVLK,98
iiann,103
Kneza,100
Creon,126
Fersito,99
Seeker,121
Stealshot,430
Teddy,100
Saju,100
AHaHaCiK,99
Corporal,100
Sufon,99
happygame,99
Cruel,99
Edenzin,100
Kazu,100
IceBox,103
yOFT,100
Hika,99
Pancake,99
Carzzy,99
Kobbe,98
gunkrab,124
Maxim,99
Destiny,101
DVLK,101
iiann,105
Kneza,122
Creon,102
Fersito,101
Seeker,112
Stealshot,111
Teddy,99
Saju,102
AHaHaCiK,100
Corporal,99
Sufon,99
happygame,118
Cruel,100
Edenzin,100
Kazu,100
IceBox,101
yOFT,100
Hika,99
Pancake,101
Carzzy,100
Kobbe,99
gunkrab,100
Maxim,99
Destiny,106
DVLK,121
iiann,398
Kneza,101
Creon,100
Fersito,446
Seeker,100
Stealshot,102
Teddy,99
Saju,99
AHaHaCiK,99
Corporal,118
Sufon,100
happygame,104
Cruel,99
Edenzin,101
Kazu,100
IceBox,380
yOFT,99
Hika,103
Pancake,370
Carzzy,125
Kobbe,99
gunkrab,122
Maxim,362
Destiny,98
DVLK,100
iiann,101
Kneza,104
Creon,99
Fersito,102
Seeker,120
Stealshot,100
Teddy,113
Saju,101
AHaHaCiK,99
Corporal,100
Sufon,115
happygame,100
Cruel,409
Edenzin,101
Kazu,99
IceBox,105
yOFT,100
Hika,99
Pancake,101
Carzzy,119
Kobbe,110
gunkrab,103
Maxim,99
Destiny,100
DVLK,100
iiann,122
Kneza,103
Creon,100
Fersito,101
Seeker,125
Stealshot,121
Teddy,100
Saju,99
AHaHaCiK,101
Corporal,112
Sufon,102
happygame,100
Cruel,101
Edenzin,104
Kazu,99
IceBox,100
yOFT,123
Hika,116
Pancake,120
Carzzy,100
Kobbe,99
gunkrab,109
Maxim,118
Destiny,100
DVLK,100
iiann,448
Kneza,100
Creon,101
Fersito,99
Seeker,100
Stealshot,100
Teddy,99
Saju,99
AHaHaCiK,119
Corporal,99
Sufon,99
happygame,104
Cruel,113
Edenzin,128
Kazu,102
IceBox,115
yOFT,100
Hika,100
Pancake,100
Carzzy,99
Kobbe,100
gunkrab,100
Maxim,99
Destiny,100
DVLK,103
iiann,102
Kneza,101
Creon,102
Fersito,99
Seeker,116
Stealshot,100
Teddy,99
Saju,121
AHaHaCiK,101
Corporal,113
Sufon,99
happygame,100
Cruel,99
Edenzin,100
Kazu,103
IceBox,100
yOFT,100
Hika,112
Pancake,333
Carzzy,100
Kobbe,99
gunkrab,99
Maxim,104
Destiny,99
DVLK,103
iiann,111
Kneza,101
Creon,100
Fersito,99
Seeker,99
Stealshot,99
Teddy,99
Saju,99
AHaHaCiK,101
Corporal,127
Sufon,100
happygame,98
Cruel,98
Edenzin,119
Kazu,99
IceBox,98
yOFT,121
Hika,100
Pancake,121
Carzzy,100
Kobbe,100
gunkrab,99
Maxim,100
Destiny,100
DVLK,102
iiann,100
Kneza,101
Creon,120
Fersito,98
Seeker,100
Stealshot,111
Teddy,100
Saju,126
AHaHaCiK,120
Corporal,112
Sufon,99
happygame,101
Cruel,120
Edenzin,121
Kazu,101
IceBox,100
yOFT,116
Hika,101
Pancake,99
Carzzy,99
Kobbe,99
gunkrab,99
Maxim,101
Destiny,103
DVLK,101
iiann,100
Kneza,103
Creon,100
Fersito,100
Seeker,111
Stealshot,102
Teddy,120
Saju,118
AHaHaCiK,122
Corporal,99
Sufon,99
happygame,122
Cruel,121
Edenzin,122
Kazu,100
IceBox,101
yOFT,101
Hika,100
Pancake,373
Carzzy,107
Kobbe,100
gunkrab,100
Maxim,120
Destiny,108
DVLK,102
iiann,99
Kneza,119
Creon,99
Fersito,125
Seeker,99
Stealshot,100
Teddy,100
Saju,101
AHaHaCiK,123
Corporal,99
Sufon,99
happygame,99
Cruel,120
Edenzin,99
Kazu,99
IceBox,99
yOFT,101
Hika,115
Pancake,99
Carzzy,99
Kobbe,100
gunkrab,99
Maxim,100
Destiny,100
DVLK,101
iiann,101
Kneza,114
Creon,99
Fersito,99
Seeker,99
Stealshot,119
Teddy,100
Saju,101
AHaHaCiK,110
Corporal,101
Sufon,99
happygame,100
Cruel,100
Edenzin,99
Kazu,99
IceBox,100
yOFT,99
Hika,100
Pancake,99
Carzzy,122
Kobbe,99
gunkrab,100
Maxim,100
Destiny,99
DVLK,122
iiann,99
Kneza,111
Creon,100
Fersito,101
Seeker,115
Stealshot,109
Teddy,99
Saju,100
AHaHaCiK,115
Corporal,103
Sufon,100
happygame,176
Cruel,100
Edenzin,101
Kazu,105
IceBox,103
yOFT,100
Hika,100
Pancake,100
Carzzy,100
Kobbe,99
gunkrab,102
Maxim,99
Destiny,98
DVLK,111
iiann,100
Kneza,101
Creon,100
Fersito,101
Seeker,100
Stealshot,101
Teddy,100
Saju,102
AHaHaCiK,99
Corporal,99
Sufon,104
happygame,100
Cruel,99
Edenzin,99
Kazu,99
IceBox,100
yOFT,99
Hika,100
Pancake,99
Carzzy,105
Kobbe,99
gunkrab,101
Maxim,103
Destiny,124
DVLK,100
iiann,101
Kneza,101
Creon,112
Fersito,109
Seeker,100
Stealshot,100
Teddy,99
Saju,100
AHaHaCiK,100
Corporal,104
Sufon,99
happygame,100
Cruel,99
Edenzin,189
Kazu,118
IceBox,103
yOFT,99
Hika,99
Pancake,398
Carzzy,99
Kobbe,117
gunkrab,99
Maxim,99
Destiny,100
DVLK,100
iiann,103
Kneza,99
Creon,99
Fersito,106
Seeker,403
Stealshot,98
Teddy,99
Saju,99
AHaHaCiK,100
Corporal,101
Sufon,98
happygame,100
Cruel,100
Edenzin,101
Kazu,100
IceBox,99
yOFT,99
Hika,99
Pancake,99
Carzzy,100
Kobbe,100
gunkrab,98
Maxim,118
Destiny,99
DVLK,99
iiann,98
Kneza,100
Creon,101
Fersito,109
Seeker,100
Stealshot,122
Teddy,100
Saju,102
AHaHaCiK,101
Corporal,99
Sufon,102
happygame,100
Cruel,100
Edenzin,121
Kazu,100
IceBox,100
yOFT,100
Hika,100
Pancake,120
Carzzy,102
Kobbe,123
gunkrab,438
Maxim,99
Destiny,115
DVLK,103
iiann,99
Kneza,98
Creon,118
Fersito,111
Seeker,98
Stealshot,100
Teddy,99
Saju,123
AHaHaCiK,99
Corporal,100
Sufon,125
happygame,121
Cruel,117
Edenzin,106
Kazu,101
IceBox,101
yOFT,98
Hika,99
Pancake,99
Carzzy,101
Kobbe,102
gunkrab,116
Maxim,99
Destiny,105
DVLK,99
iiann,104
Kneza,99
Creon,98
Fersito,100
Seeker,99
Stealshot,109
Teddy,104
Saju,120
AHaHaCiK,102
Corporal,99
Sufon,99
happygame,128
Cruel,111
Edenzin,102
Kazu,102
IceBox,101
yOFT,100
Hika,110
Pancake,110
Carzzy,99
Kobbe,99
gunkrab,108
Maxim,99
Destiny,99
DVLK,99
iiann,99
Kneza,127
Creon,119
Fersito,100
Seeker,100
Stealshot,114
Teddy,99
Saju,99
AHaHaCiK,99
Corporal,102
Sufon,100
happygame,99
Cruel,99
Edenzin,101
Kazu,101
IceBox,123
yOFT,123
Hika,100
Pancake,108
Carzzy,101
Kobbe,100
gunkrab,125
Maxim,100
Destiny,99
DVLK,100
iiann,104
Kneza,99
Creon,99
Fersito,99
Seeker,108
Stealshot,99
Teddy,112
Saju,110
AHaHaCiK,100
Corporal,99
Sufon,100
happygame,99
Cruel,391
Edenzin,100
Kazu,100
IceBox,113
yOFT,123
Hika,100
Pancake,100
Carzzy,99
Kobbe,101
gunkrab,99
Maxim,189
Destiny,103
DVLK,105
iiann,102
Kneza,100
Creon,123
Fersito,210
Seeker,414
Stealshot,381
Teddy,374
Saju,430
AHaHaCiK,221
Corporal,371
Sufon,99
happygame,121
Cruel,99
Edenzin,99
Kazu,100
IceBox,174
yOFT,101
Hika,640
Pancake,101
Carzzy,99
Kobbe,381
gunkrab,101
Maxim,402
Destiny,404
DVLK,109
iiann,511
Kneza,99
Creon,99
Fersito,100
Seeker,386
Stealshot,100
Teddy,100
Saju,99
AHaHaCiK,262
Corporal,101
Sufon,100
happygame,229
Cruel,134
Edenzin,895
Kazu,801
IceBox,699
yOFT,100
Hika,387
Pancake,194
Carzzy,183
Kobbe,320
gunkrab,101
Maxim,112
Destiny,111
DVLK,105
iiann,100
Kneza,100
Creon,124
Fersito,517
Seeker,103
Stealshot,396
Teddy,121
Saju,99
AHaHaCiK,99
Corporal,99
Sufon,100
happygame,107
Cruel,99
Edenzin,107
Kazu,120
IceBox,104
yOFT,116
Hika,103
Pancake,99
Carzzy,100
Kobbe,102
gunkrab,122
Maxim,99
Destiny,102
DVLK,100
iiann,100
Kneza,104
Creon,100
Fersito,100
Seeker,100
Stealshot,99
Teddy,102
Saju,99
AHaHaCiK,116
Corporal,104
Sufon,101
happygame,101
Cruel,117
Edenzin,100
Kazu,101
IceBox,102
yOFT,110
Hika,100
Pancake,101
Carzzy,104
Kobbe,105
